id,domain,status,purchase_price,renewal_price,attractiveness,demand,length,registrar,created_at,expires_at,status_verified_at
88172633-a200-48dd-94eb-ac1777cb20f2,credendum.coffee,available,16.99,42.99,medium,low,9,namesilo,,,20/09/2026 11:13
5a2ed97d-7a57-4b1d-abd9-22913cfa2f26,bailiwick.coffee,available,6.98,47.98,medium,low,9,namecheap,,,21/09/2026 19:08
951795ae-71a9-4d04-9711-1df66f8d124d,aleut.coffee,available,6.98,47.98,high,low,5,namecheap,,,
523433d3-e32e-4284-9b15-bbeac1c1ad26,relics.coffee,available,6.98,47.98,medium,low,6,namecheap,,,18/09/2026 20:08
48c7e0b0-3939-4108-b048-dbe620532181,appraised.coffee,available,16.99,42.99,medium,low,9,namesilo,,,18/09/2026 22:16
bff365bd-b604-4de4-990c-913c5e4d0200,transformed.coffee,available,6.41,34.36,high,low,11,spaceship,,,29/09/2026 10:35
5ba4632d-63cb-4bca-9495-da99641b6b3c,granicus.coffee,available,16.99,42.99,medium,low,8,namesilo,,,22/09/2026 15:08
60ecd803-323f-4e6d-8c46-8b564cc8f4c1,tutelary.coffee,available,6.98,47.98,medium,low,8,namecheap,,,13/08/2026 12:21
49deade7-8756-46fb-8622-56a6dbf982c1,renovation.coffee,available,10.81,34.5,high,low,10,porkbun,,,30/09/2026 16:00
cfafc61f-7732-4b0c-a2fd-588ca071b77b,ostensible.coffee,available,6.98,47.98,medium,low,10,namecheap,,,04/09/2026 18:29
b98b64dd-7ecf-4901-8c60-8f9683f2f82e,globally.coffee,available,6.98,47.98,high,low,8,namecheap,,,14/09/2026 21:41
a745a477-fc27-4600-bad9-e563b142b96b,schulz.coffee,available,16.99,42.99,high,low,6,namesilo,,,28/09/2026 13:42
806cba9b-acd6-4473-b55d-6b477983cd31,davey.coffee,available,16.99,42.99,medium,low,5,namesilo,,,28/09/2026 07:55
b83b7302-e725-4cc7-94ee-00662ea7a44c,permit.coffee,available,16.99,42.99,high,low,6,namesilo,,,24/09/2026 18:39
c94441a9-a36c-44de-8f9d-58fd94a5919c,propertied.coffee,available,6.98,47.98,medium,low,10,namecheap,,,09/09/2026 03:34
8bd425ee-0436-47f1-a419-c256bc7dfb46,granted.coffee,available,16.99,42.99,high,low,7,namesilo,,,24/09/2026 22:19
9f39695a-1873-4114-991b-9d2adec499a9,tangerine.coffee,available,6.98,47.98,high,low,9,namecheap,,,11/09/2026 07:55
e8326c75-5c76-4330-91f3-3b9637dd2e30,coyotes.coffee,available,6.41,34.36,medium,low,7,spaceship,,,30/09/2026 07:28
e870022b-c663-424a-a1f9-d02d326136c4,superfamily.coffee,available,6.41,34.36,high,low,11,spaceship,,,29/09/2026 02:59
4d9dc709-82e2-4356-8fe6-7bfa14fe0fbc,thankful.coffee,available,16.99,42.99,high,low,8,namesilo,,,24/09/2026 22:54
016fb633-40eb-458c-a035-85bf2199f9ed,vain.coffee,available,16.99,42.99,high,low,4,namesilo,,,22/09/2026 23:50
0aba885a-c9de-4e1b-9610-11dae45b74c9,manipulated.coffee,available,16.99,42.99,medium,low,11,namesilo,,,29/09/2026 16:09
09bed051-267d-4e49-b567-2de22dc96926,bedspread.coffee,available,6.98,47.98,high,low,9,namecheap,,,22/09/2026 22:52
4090f7f7-4f8f-455e-95c0-8b8d04786393,stevie.coffee,available,16,,high,low,6,unstoppable,,,28/09/2026 07:58
61f744b2-939a-46de-a0d4-a2cf2b026526,mingle.coffee,available,16.99,42.99,high,low,6,namesilo,,,22/09/2026 03:11
44c3a981-0a83-45f4-aa06-a4d2bbdc55c7,minsk.coffee,premium,99.5,,high,low,5,unstoppable,,,28/09/2026 05:24
cb9830a5-065d-4a9e-892b-2128e81ba04a,loveable.coffee,available,6.98,47.98,high,low,8,namecheap,,,24/08/2026 10:07
b507e104-411c-4517-bfc9-835891895ca5,pantheist.coffee,available,6.98,47.98,medium,low,9,namecheap,,,05/09/2026 01:06
606209c9-b9f8-4bfa-8339-2d2234cb9e28,gretchen.coffee,available,6.41,34.36,high,low,8,spaceship,,,29/09/2026 09:29
6809ab08-8687-423d-84d7-3ea1862c3d3a,baize.coffee,available,6.98,47.98,medium,low,5,namecheap,,,21/09/2026 19:59
8e98e7fc-9f74-4e98-8ae5-d0418a9dd53e,mannish.coffee,available,6.98,47.98,medium,low,7,namecheap,,,24/08/2026 15:22
cdc6f0da-e248-4183-8b52-e299fb7acf8b,avestan.coffee,available,6.98,47.98,medium,low,7,namecheap,,,07/08/2026 23:07
e7ade0ab-fc45-4dae-84c4-0fc4efc5d371,russians.coffee,available,16.99,42.99,medium,low,8,namesilo,,,27/09/2026 10:58
542f7782-c65e-4f39-9d0a-443f7b033fb2,telescopic.coffee,available,6.98,47.98,medium,low,10,namecheap,,,11/09/2026 10:24
0d352599-d6f9-4145-8dc4-c2619277dfcc,earrings.coffee,available,16,,medium,low,8,unstoppable,,,30/09/2026 00:39
01cba6fe-008e-4b32-bc57-e9bf4028b1c4,morristown.coffee,available,16.99,42.99,medium,low,10,namesilo,,,29/09/2026 01:41
f38ad560-b858-442b-be95-fc02655dd50e,inhabitant.coffee,available,19.99,50.99,high,low,10,name.com,,,24/09/2026 21:51
914b3429-7a58-48f0-8fd1-de18f50a2c41,compartment.coffee,available,6.41,34.36,high,low,11,spaceship,,,28/09/2026 03:28
a7312aa4-14fe-4208-ae90-128eb003c958,seizure.coffee,available,16.99,42.99,medium,low,7,namesilo,,,29/09/2026 00:20
d2bcc85e-369c-498c-a5f3-52cb90e32ca2,abraham.coffee,available,16.99,42.99,high,low,7,namesilo,,,16/09/2026 16:50
30bccb0f-9428-41c4-b621-93eff50a82c8,losing.coffee,available,6.98,47.98,high,low,6,namecheap,,,25/09/2026 11:49
97524e7f-7060-47c5-aea8-ff475e58221f,pricy.coffee,available,6.98,47.98,medium,low,5,namecheap,,,21/08/2026 08:58
1ff008ab-bc0c-4002-a21a-28ce20a9ba10,sunlit.coffee,available,6.98,47.98,high,low,6,namecheap,,,11/09/2026 01:59
bd07ad09-b847-4544-932e-9107cf73de15,sameness.coffee,available,6.98,47.98,medium,low,8,namecheap,,,21/08/2026 15:12
a9357c21-cec4-4034-b32e-09a3354fe060,adversary.coffee,available,16.99,42.99,medium,low,9,namesilo,,,17/09/2026 10:44
7e8ed68b-4895-4231-95a4-50d31ee6995b,lashings.coffee,available,6.98,47.98,high,low,8,namecheap,,,14/09/2026 23:38
08e0991f-79fa-449b-b33e-fb905bc1a540,mockery.coffee,available,6.98,47.98,medium,low,7,namecheap,,,22/08/2026 12:39
ebd6d95e-1d05-46af-bb12-d1496a8432d1,ebook.coffee,available,16.99,42.99,high,low,6,namesilo,,,01/10/2026 04:46
377770ef-9127-45ae-b0a5-e7cd5f1b0484,shaving.coffee,available,16,,medium,low,7,unstoppable,,,28/09/2026 20:07
f57764ac-6f41-48c2-bdad-26ad341e958f,gluttonous.coffee,available,6.98,47.98,medium,low,10,namecheap,,,20/08/2026 15:32
4fec1ace-af2f-4f09-9ef1-8c1ebb12a9c0,inimitable.coffee,available,6.98,47.98,high,low,10,namecheap,,,22/08/2026 05:23
8c54ec78-92d9-4312-9ff1-69a75e22d893,unloading.coffee,available,6.41,34.36,medium,low,9,spaceship,,,30/09/2026 11:15
ccee5540-8d8a-47a6-a5df-cbb09ade484e,audile.coffee,available,6.98,47.98,medium,low,6,namecheap,,,07/08/2026 16:40
1c5896d5-9b33-467c-9ca8-8f606233d92d,rotten.coffee,available,16.99,42.99,high,low,6,namesilo,,,24/09/2026 01:35
6b3d533d-20ec-461c-ab92-aeca7800a67f,ftc.coffee,available,16.99,42.99,medium,low,3,namesilo,,,28/09/2026 14:08
6cc893b3-557b-4afe-a34e-fffff26b13e5,catherine.coffee,available,16.99,42.99,high,low,9,namesilo,,,25/09/2026 04:07
f3e2187c-0caf-4174-bd0c-cd6f35baf6f9,networking.coffee,available,16.99,42.99,high,low,10,namesilo,,,30/09/2026 05:49
1ccbbfed-c2eb-4e30-9587-abaf8c00f88a,coughing.coffee,available,6.41,34.36,medium,low,8,spaceship,,,29/09/2026 18:29
26a861a9-b4eb-4141-913d-3a1eb20103b6,huxley.coffee,available,16.99,42.99,high,low,6,namesilo,,,18/09/2026 04:39
0549a0a2-eba0-49d4-ac08-17b368876abb,moron.coffee,available,6.98,47.98,medium,low,5,namecheap,,,21/08/2026 20:28
8f66e81c-16e3-4bc7-87d7-b4242c69aeaf,gradually.coffee,available,6.98,47.98,high,low,9,namecheap,,,14/09/2026 22:00
2b3b9827-2828-4404-a79a-150b8fe7d93c,connector.coffee,available,16.99,42.99,high,low,9,namesilo,,,24/09/2026 17:23
b3686526-767d-4c6e-b712-2447384924a3,wolverine.coffee,available,16.99,42.99,high,low,9,namesilo,,,24/09/2026 12:48
70d17de5-c0a2-40eb-8998-a8a3ccb537a3,woodwork.coffee,available,16.99,42.99,high,low,8,namesilo,,,30/09/2026 16:36
2e706c97-e9e0-4942-8ae9-ea9425d7157e,agnatic.coffee,available,6.98,47.98,medium,low,7,namecheap,,,
369541e0-2953-4952-834a-b6c26aee029b,seized.coffee,available,23.99,,medium,low,6,name.com,,,
1f3194b7-e02a-4364-9095-2016997b350d,signed.coffee,available,6.98,47.98,high,low,6,namecheap,,,18/08/2026 22:58
2e571b50-bf38-4995-b4b8-31d757fb54ee,laser.coffee,available,16,,high,low,5,unstoppable,,,28/09/2026 02:15
2cc2a9eb-29ef-4acc-bef9-aef0c443bab8,vinous.coffee,available,6.98,47.98,medium,low,6,namecheap,,,13/09/2026 05:47
44934464-77bb-43e6-9673-22f00ca6faac,laughable.coffee,available,16.99,42.99,high,low,9,namesilo,,,23/09/2026 15:25
06f4fd13-50f2-486c-887e-c64f47167c17,becket.coffee,available,6.98,47.98,high,low,6,namecheap,,,22/09/2026 22:36
79b54857-1716-455e-a2ef-df8271567714,feisty.coffee,available,6.98,47.98,high,low,6,namecheap,,,18/08/2026 00:45
da0b5328-1f8d-49e2-a645-89917b1c0e94,sarajevo.coffee,available,6.41,34.36,high,low,8,spaceship,,,28/09/2026 06:43
8270e777-8a45-4c00-957e-6bd3a2809ce5,therefor.coffee,available,6.98,47.98,medium,low,8,namecheap,,,16/09/2026 08:40
b813b9d7-ea95-4e24-995e-497c134f3046,participation.coffee,available,16.99,42.99,medium,low,13,namesilo,,,28/09/2026 22:50
45d779ff-10f8-415c-abea-47f7ca108b3f,cooperate.coffee,available,16,42.99,high,low,9,unstoppable,,,28/09/2026 17:32
57b68315-342f-47a7-83b6-defc724b672a,radical.coffee,available,6.98,47.98,high,low,7,namecheap,,,08/08/2026 21:21
2f94c4da-9a38-4744-99aa-ad1115fd84b1,container.coffee,available,6.98,47.98,high,high,9,namecheap,,,29/09/2026 11:20
8b504fc7-1d04-4183-9cf7-87b4844d0e10,mailing.coffee,available,19.99,73.99,high,low,7,godaddy,,,30/09/2026 02:11
fcc0431c-297a-4e5f-bcce-ee3b993be0c6,linearly.coffee,available,6.98,47.98,medium,low,8,namecheap,,,15/09/2026 12:25
253a36a6-31d9-409a-a944-1425da5f53ce,shocked.coffee,available,6.98,47.98,high,low,7,namecheap,,,
d752a449-2d57-41fe-8e2d-c10466d471fa,morale.coffee,available,33.2,33.2,medium,low,6,cloudflare,,,28/09/2026 19:07
264263f7-8bd5-4621-ae72-b4c363a7198c,mirish.coffee,available,16.99,42.99,medium,low,6,namesilo,,,16/09/2026 16:36
90622154-e488-46f2-a2e8-49d06ba47da0,ghz.coffee,available,16.99,42.99,high,low,3,namesilo,,,27/09/2026 13:41
6e93df0b-eb8b-4873-93b1-e3f4c7c6529a,basilar.coffee,available,6.98,47.98,medium,low,7,namecheap,,,08/08/2026 22:16
eb3cd490-d8c8-49fa-888a-138ffc358cca,pcs.coffee,available,16.99,42.99,high,low,3,namesilo,,,27/09/2026 08:22
7ec55b7b-d807-4718-81de-f70ae3512d71,ral.coffee,available,16,,high,low,3,unstoppable,,,30/09/2026 20:40
44b39801-0082-40aa-8fa5-d0212be7ec42,democrats.coffee,resell,,,medium,low,9,,,,30/09/2026 00:47
c909a00f-13fb-438b-85e0-c3c64cd71ec4,beduin.coffee,available,16.99,42.99,medium,low,6,namesilo,,,22/09/2026 23:27
a5c32a45-ddb2-489d-8269-c1c0076ac102,vinton.coffee,available,33.2,33.2,medium,low,6,cloudflare,,,30/09/2026 21:54
fb98c4b7-85aa-4c3d-a6e1-0aeccd3e4e49,soul.coffee,resell,,,high,medium,4,Dynadot Inc,05/05/2024 15:15,05/05/2028 15:15,26/09/2026 09:09
cde2d1c8-0b41-40e3-b1bb-6fa6d2688a63,arguing.coffee,available,16.99,42.99,medium,low,7,namesilo,,,20/09/2026 04:50
a85780d8-eb21-4424-819d-4dcc5977db09,agee.coffee,available,16.99,42.99,medium,low,4,namesilo,,,17/09/2026 16:52
b381e319-ad12-48e2-a91a-28b38dea9c18,projecting.coffee,available,6.98,47.98,high,low,10,namecheap,,,22/08/2026 14:48
a41b15ea-1078-4d7c-8a05-1088e162bbb7,nibbed.coffee,available,6.98,47.98,low,low,6,namecheap,,,03/09/2026 16:57
1252e8af-f18e-4521-b0be-5653180c27e7,delivers.coffee,available,16,,medium,low,8,unstoppable,,,29/09/2026 10:50
ec250556-9136-4dda-97a7-2506e27906b8,bentonite.coffee,available,16.99,42.99,high,low,9,namesilo,,,23/09/2026 08:46
f3aa9da9-f48e-4c03-85ce-dd532e80f548,convenient.coffee,available,16.99,42.99,high,low,10,namesilo,,,23/09/2026 15:48
30e631d6-b86d-4c0a-af55-0087138f55a4,min.coffee,available,6.98,47.98,high,low,3,namecheap,,,25/08/2026 00:58
12631c78-9b8f-4b43-b83a-1e23261190a6,obstetric.coffee,available,6.98,47.98,medium,low,9,namecheap,,,04/09/2026 00:03
a72a2455-30df-4a27-b74e-cd12180c08ce,carries.coffee,available,6.41,34.36,medium,low,7,spaceship,,,28/09/2026 04:37
7ecf0bf9-a240-4650-9b42-1ba8372caf09,perky.coffee,available,6.98,47.98,high,low,5,namecheap,,,08/09/2026 17:33
30049a4b-056a-40cc-b6dc-9dd1d76a9d99,ethyne.coffee,available,16.99,42.99,medium,low,6,namesilo,,,17/09/2026 00:23
da15fd2d-ceb3-486f-809a-21c98da68f8b,asch.coffee,available,16.99,42.99,high,low,4,namesilo,,,20/09/2026 13:15
b34fcc45-db10-4461-b0f4-b7aa3aac7cdc,royally.coffee,available,6.98,47.98,medium,low,7,namecheap,,,15/09/2026 12:01
485e58f8-dc2d-4e77-9efd-2abdbc37665b,gaslighter.coffee,available,23.99,,medium,low,11,name.com,,,
a737f614-7654-40fc-aaee-242ac444b4f2,down.coffee,available,16.99,42.99,high,low,4,namesilo,,,24/09/2026 11:53
328eee97-a480-4f16-a15d-41b8db67e396,shillings.coffee,available,6.41,34.36,low,low,9,spaceship,,,30/09/2026 06:43
bb054bd9-fa9a-4531-844e-acee07e94d00,excision.coffee,available,16.99,42.99,medium,low,8,namesilo,,,16/09/2026 16:06
c2371bf6-f137-4fbd-b409-067377e3ea7c,eudaimonia.coffee,available,6.98,47.98,high,low,10,namecheap,,,12/09/2026 23:00
2eb96360-8e1f-4f8d-adce-ce419bf87c90,maxine.coffee,available,6.41,34.36,medium,low,6,spaceship,,,28/09/2026 22:02
ea92b3d4-e8c5-47c4-a2ba-404b815ce2fc,navel.coffee,available,16.99,42.99,high,low,5,namesilo,,,23/09/2026 06:35
69ffeade-31c2-4bd6-bc30-9b39266d92c5,freddy.coffee,available,16,,high,low,6,unstoppable,,,28/09/2026 07:49
e64effdc-ba86-452d-88af-863135c5d87f,sued.coffee,available,23.99,,low,low,4,name.com,,,
419edc6d-a78c-48a9-b686-71fb6e18308e,convey.coffee,available,16.99,42.99,high,low,6,namesilo,,,29/09/2026 06:20
1819f7f3-7379-4096-8cdc-1f348692496a,okeh.coffee,available,6.98,47.98,medium,low,4,namecheap,,,03/09/2026 23:21
cf9dc9e6-2383-4abe-a7cb-32fddbd1e72b,quiescent.coffee,available,6.98,47.98,medium,low,9,namecheap,,,09/09/2026 08:47
ba911d78-0ad8-4088-b21d-8c9ab54cc6e5,cytherea.coffee,available,16.99,42.99,medium,low,8,namesilo,,,19/09/2026 17:16
8e75b5a8-166f-4fad-ab70-4107c1337649,reachable.coffee,available,6.98,47.98,high,low,9,namecheap,,,09/09/2026 10:55
aaca44e9-1788-4931-8ea6-5e968b219080,sep.coffee,available,6.41,34.36,high,low,3,spaceship,,,30/09/2026 10:56
e7b354ec-77a0-4c2e-81ec-315d8488332c,gentlemen.coffee,available,16.99,42.99,high,low,9,namesilo,,,25/09/2026 17:34
2c09c879-1b0d-4bc8-9278-e18ff99f51fd,aligning.coffee,available,6.98,47.98,medium,low,8,namecheap,,,
9351ceda-69a3-41f4-97b3-0f1a9ade4e72,akee.coffee,available,19.99,50.99,medium,low,4,name.com,,,17/09/2026 01:56
2e81dfd4-7b7d-4a15-b3ec-1608c9e34bdc,scrunch.coffee,available,6.98,47.98,medium,low,7,namecheap,,,13/08/2026 07:18
948ef012-026c-49af-81c2-42af023aec60,eps.coffee,available,6.41,34.36,high,low,3,spaceship,,,27/09/2026 19:02
dd5995de-3a9c-4810-a5a0-64dcfaa307f9,moisture.coffee,available,6.98,47.98,high,low,8,namecheap,,,13/09/2026 11:06
03787e75-e582-4874-b52d-ed04f4fe3cf6,exterior.coffee,available,6.98,47.98,high,low,8,namecheap,,,17/08/2026 19:05
8f4f8299-3209-4a91-95c4-986df9377c06,gustatory.coffee,available,6.98,47.98,high,low,9,namecheap,,,20/08/2026 21:07
d094f2b8-3581-41d5-adac-b8f6b6cf4c41,sponsors.coffee,available,6.41,34.36,medium,low,8,spaceship,,,29/09/2026 11:40
bbb93b49-251a-4708-93c4-d6d8bb737a09,appointive.coffee,available,6.98,47.98,medium,low,10,namecheap,,,06/08/2026 07:16
ea10dcf0-1e8a-4381-92c4-dab3d3e2cb7e,fugal.coffee,available,6.98,47.98,medium,low,5,namecheap,,,18/08/2026 17:38
343e2e7f-e898-4ad6-8d2c-21d1628f1916,blastoff.coffee,available,6.98,47.98,high,low,8,namecheap,,,24/09/2026 04:43
0660c9ca-d693-4980-b756-1cda1d2a3739,choices.coffee,available,16.99,42.99,medium,low,7,namesilo,,,17/09/2026 06:36
f6dbedca-c905-4ada-9674-a2d1dac7267d,loan.coffee,premium,512,512,high,low,4,namesilo,,,25/09/2026 09:02
d0bd87e1-d944-48fa-94ac-daeeac04ad26,baines.coffee,available,33.2,33.2,medium,low,6,cloudflare,,,30/09/2026 21:38
028d5c85-0a98-44bd-aa54-0ac4e01fe193,abbess.coffee,available,16.99,42.99,medium,low,6,namesilo,,,16/09/2026 14:23
f16e1b63-3ac5-49ac-9428-f8870623a9ea,idol.coffee,available,16.99,42.99,high,low,4,namesilo,,,22/09/2026 22:03
f38a70be-fca0-4f12-a3da-dab2ab43c7c2,greased.coffee,available,6.98,47.98,medium,low,7,namecheap,,,20/08/2026 19:33
09797a07-c366-41a4-ac7f-a2f570aabedf,granville.coffee,available,16.99,42.99,medium,low,9,namesilo,,,27/09/2026 01:40
ba4ce7e6-d5c2-4975-8493-a89bb2e09800,cheapjack.coffee,available,6.98,47.98,medium,low,9,namecheap,,,12/08/2026 03:25
8610878d-f6f1-4eec-9e69-9f81ad4c87ae,hubbub.coffee,available,16.99,42.99,medium,low,6,namesilo,,,24/09/2026 10:52
d3b49d7b-23be-4a16-83dc-a7e52907771e,khomeini.coffee,available,6.98,47.98,medium,low,8,namecheap,,,21/09/2026 10:36
a0201ee1-0c2a-4577-a1e6-aa62fb9a0ebb,carbonyl.coffee,available,6.98,47.98,medium,low,8,namecheap,,,11/08/2026 18:41
37a6849c-4c07-408a-99bd-f208c553479c,scriptural.coffee,available,6.98,47.98,medium,low,10,namecheap,,,09/08/2026 18:55
b6ed0392-35c5-4488-b77f-1f23a99a4886,hence.coffee,available,16.99,42.99,medium,low,5,namesilo,,,28/09/2026 15:09
734eced7-4eca-4724-8e0f-9bc1ff427892,undesigned.coffee,available,6.98,47.98,medium,low,10,namecheap,,,12/09/2026 07:46
54d096b0-582c-492b-aad3-8d21098802da,affirmer.coffee,available,16.99,42.99,medium,low,8,namesilo,,,17/09/2026 14:33
a1c7781c-261b-4232-935a-f16e8f19dc55,terrene.coffee,available,6.98,47.98,medium,low,7,namecheap,,,11/09/2026 10:41
77b55797-9de3-4f0a-8bfb-93b2a7fec083,posting.coffee,available,16.99,42.99,high,low,7,namesilo,,,30/09/2026 06:59
2bf5fe03-1b5c-42c8-a192-d0f1b7d744b5,counterattack.coffee,available,23.99,,medium,low,14,name.com,,,
6526dcd5-d0e4-4bc8-9367-09e4c170aa21,racehorse.coffee,available,16.99,42.99,high,low,9,namesilo,,,22/09/2026 01:58
edaea965-9f37-42cb-8f8f-9ec40160f5e4,vexatious.coffee,available,6.98,47.98,medium,low,9,namecheap,,,
138da9f2-9958-44d1-b8ca-50b8a9064ec7,actuary.coffee,available,6.98,47.98,high,low,7,namecheap,,,17/09/2026 05:21
c7d65514-3536-4934-9e4e-176b4a015458,amplitudes.coffee,available,6.41,34.36,medium,low,10,spaceship,,,30/09/2026 00:33
78e9feb7-d4f5-4b60-8958-435620f8ed35,gaily.coffee,available,6.98,47.98,medium,low,5,namecheap,,,14/09/2026 20:57
1eca5da9-79ca-44e0-87b7-8d01f411a251,carat.coffee,available,6.98,47.98,high,low,5,namecheap,,,24/09/2026 12:45
4ad6e559-aa51-41b1-a62c-d8f07dd26d6b,ashe.coffee,available,16.99,42.99,high,low,4,namesilo,,,20/09/2026 10:46
3f2dcf2a-7498-40a5-807f-9cf9906668c3,scrubby.coffee,available,6.98,47.98,medium,low,7,namecheap,,,09/09/2026 23:39
8035a8fb-a2a9-4a27-ac6b-c97954f12dd6,implying.coffee,available,23.99,,high,low,8,name.com,,,
471ebf66-9067-4ab1-9905-f042c64fd153,inscription.coffee,available,6.41,34.36,medium,low,11,spaceship,,,29/09/2026 15:57
71abb8af-af99-4ece-9764-61feb79f0eba,carob.coffee,available,6.98,47.98,medium,low,5,namecheap,,,18/09/2026 06:50
fbac46d0-16e4-4866-a196-ca9dd051fad4,baudelaire.coffee,available,16.99,42.99,high,low,10,namesilo,,,22/09/2026 16:35
7764daba-c93c-4d77-8ec3-983a6d183717,stayed.coffee,available,16.99,42.99,medium,low,6,namesilo,,,27/09/2026 02:56
8a747c3e-0a7b-4b8c-ba4b-96dd02be128c,peel.coffee,available,6.41,34.36,high,low,4,spaceship,,,30/09/2026 06:31
20d011c5-6923-4f28-912e-202bf47d8986,fia.coffee,available,16.99,42.99,medium,low,3,namesilo,,,28/09/2026 09:02
3f514b13-d859-47b4-a5e9-b8357be816d1,perjury.coffee,available,6.98,47.98,medium,low,7,namecheap,,,22/09/2026 21:18
048a0e04-dae6-4746-97e5-177c5b1114b9,fatherless.coffee,available,6.98,47.98,medium,low,10,namecheap,,,17/08/2026 23:34
9fc79205-507f-4af6-bfb9-6adff7186ea7,aconcagua.coffee,available,6.98,47.98,medium,low,9,namecheap,,,17/09/2026 02:04
1e151bea-3f86-4bae-9d89-f86c159ad9d9,newfound.coffee,available,6.98,47.98,medium,low,9,namecheap,,,08/09/2026 04:48
64e9d0d3-c8e4-4884-867f-b1fd8759ed4d,digestive.coffee,available,6.98,47.98,high,low,9,namecheap,,,24/08/2026 15:24
9f6028c9-b7e0-4196-b09f-5483cec9c2e2,boolean.coffee,available,6.98,47.98,high,low,7,namecheap,,,10/08/2026 19:12
6f769453-86d7-48ff-afcb-3bba7903e79a,rage.coffee,available,6.98,47.98,high,low,4,namecheap,,,29/09/2026 11:59
32254daa-3226-4b3d-bd84-0d06cb085386,premise.coffee,available,16.99,42.99,high,low,7,namesilo,,,20/09/2026 16:37
36819085-50e7-4bd5-a785-423430685898,newcomb.coffee,available,16.99,42.99,high,low,7,namesilo,,,29/09/2026 13:33
461ce888-0885-4192-95a7-f217bde08eda,worlds.coffee,available,16.99,42.99,high,low,6,namesilo,,,18/09/2026 17:40
73fad5a4-8102-45be-90b5-969769fb213e,liao.coffee,available,33.2,33.2,medium,low,4,cloudflare,,,29/09/2026 01:35
6b7e58f9-f54f-45b7-a11f-dbd03363bfa5,censor.coffee,available,16.99,42.99,high,low,6,namesilo,,,22/09/2026 00:43
b1ae0339-877a-4662-8dae-6119756a6f67,fang.coffee,available,16,,high,low,4,unstoppable,,,29/09/2026 06:51
20a1fc57-06db-44c0-85fb-113a75e49e0a,fha.coffee,available,6.98,47.98,medium,low,3,namecheap,,,30/09/2026 17:17
278a9dfd-2f4b-4a45-8a73-67df61e61a13,dogging.coffee,available,6.98,47.98,medium,low,7,namecheap,,,14/08/2026 15:03
5aa12f66-09d2-48d3-b3c4-c4efe5691c0e,arbour.coffee,available,16.99,42.99,medium,low,6,namesilo,,,20/09/2026 00:58
8bc8765d-7991-4fdc-811b-d0fac7b715dc,batis.coffee,available,16.99,42.99,medium,low,5,namesilo,,,22/09/2026 14:03
c503dd1b-eee1-41d2-a728-db5c3de865bf,sort.coffee,available,16.99,42.99,high,low,4,namesilo,,,25/09/2026 12:43
9852bcba-3c73-4369-a4c3-1d4b83f2df53,kosovo.coffee,available,16.99,42.99,high,low,6,namesilo,,,25/09/2026 23:25
8254c62d-d2e8-4206-9319-e53b77c96d76,australasia.coffee,available,16.99,42.99,medium,low,11,namesilo,,,28/09/2026 21:52
25393588-9943-4d70-a76f-0081489a0b3c,abducted.coffee,available,16,,medium,low,8,unstoppable,,,29/09/2026 05:02
648ea6e2-36f1-48d6-80da-d86444f77f12,evenly.coffee,available,6.98,47.98,medium,low,6,namecheap,,,14/09/2026 16:30
c9a3ca38-697b-4d62-9b4d-d0959d5b177e,flexible.coffee,available,6.98,47.98,high,low,8,namecheap,,,23/09/2026 18:12
5d380247-7a7a-40b7-83df-35c79d590c78,unstressed.coffee,available,6.98,47.98,medium,low,10,namecheap,,,12/09/2026 20:37
0a568c94-90ee-44f3-a3f9-f582bba1d192,andreas.coffee,available,16.99,42.99,high,low,7,namesilo,,,25/09/2026 13:21
e54e8aab-38be-4e45-b313-b3d3a9d70843,cowpea.coffee,available,6.98,47.98,medium,low,6,namecheap,,,23/09/2026 23:43
2fda3712-7672-4fb0-a5b8-c311e61311ea,smetana.coffee,available,16.99,42.99,medium,low,7,namesilo,,,22/09/2026 23:32
ffdbac7f-12c3-4c3a-bf7d-b9234e78d79b,collector.coffee,available,16.99,42.99,high,low,9,namesilo,,,16/09/2026 23:18
698793fb-f7ec-4854-afd6-f020eb3309f2,pasted.coffee,available,6.98,47.98,high,low,6,namecheap,,,20/08/2026 15:14
86afd7b1-d8e6-4c08-977b-e87321f7f10b,paprika.coffee,available,19.99,50.99,high,low,7,name.com,,,23/09/2026 05:39
4529d4d8-9758-45f8-b830-e6becedb2b24,abutment.coffee,available,6.98,47.98,medium,low,8,namecheap,,,16/09/2026 19:33
1f473962-4193-4788-9bde-865ea08192a0,reliever.coffee,available,19.99,50.99,high,low,8,name.com,,,18/09/2026 10:02
a2404966-57dc-463e-b355-b2689cc04455,sleigh.coffee,available,33.2,33.2,medium,low,6,cloudflare,,,30/09/2026 11:02
ca965494-686a-4e01-8ce2-fb98daee067a,canvasback.coffee,available,16.99,42.99,medium,low,10,namesilo,,,21/09/2026 10:51
753e6128-55b9-4c50-ae51-8f066b050f3b,shu.coffee,available,10.81,34.5,medium,low,3,porkbun,,,27/09/2026 21:11
aa7c3e4e-e45d-49ac-8fd4-ed776ba69b87,overfed.coffee,available,6.98,47.98,medium,low,7,namecheap,,,04/09/2026 20:33
75bdb85c-80cc-47f4-828d-12941bd7a80a,molten.coffee,available,6.98,47.98,high,low,6,namecheap,,,25/08/2026 03:57
18a3785a-840d-4afb-9192-ff11fa9a584a,lachrymose.coffee,available,6.98,47.98,medium,low,10,namecheap,,,14/08/2026 15:34
dbda2c35-29db-4139-87f7-c8d9ecc21776,tablespoons.coffee,available,16.99,42.99,medium,low,11,namesilo,,,20/09/2026 10:16
2fc61bd9-95da-456e-ae80-a7e2e11a2468,cpu.coffee,available,16.99,42.99,high,low,3,namesilo,,,24/09/2026 11:27
fe75835d-bd8f-4b6a-93b0-f2de3c3f82fa,putnam.coffee,available,16.99,42.99,medium,low,6,namesilo,,,25/09/2026 16:07
8fa0f926-8e97-495e-a159-c5979ca46a23,specimens.coffee,available,16.99,42.99,low,low,9,namesilo,,,29/09/2026 16:57
44387172-7096-4b93-bd29-2e2913bae39c,sports.coffee,resell,,,high,medium,6,"Sav.com, LLC - 7",23/12/2025 15:16,23/12/2026 15:16,26/09/2026 09:14
291682c1-ce13-445d-9750-54b2ae86f896,remains.coffee,available,16.99,42.99,medium,low,7,namesilo,,,27/09/2026 03:27
c53dc8a7-b2c1-4790-b918-032df9d88029,cacophonic.coffee,available,6.98,47.98,medium,low,10,namecheap,,,11/08/2026 12:33
0ea87e66-2e90-4d21-be3f-7f07f0cb62d5,nmr.coffee,available,6.41,34.36,high,low,3,spaceship,,,28/09/2026 06:29
66bf479d-6390-467a-b577-c3250a42721a,abkhazian.coffee,available,6.98,47.98,medium,low,9,namecheap,,,
c8b34106-e63b-4166-b153-e3866004434b,meaningless.coffee,available,33.2,33.2,medium,low,11,cloudflare,,,28/09/2026 15:49
2c136f52-490d-41c3-9445-70c2a521e5b4,ibsen.coffee,available,16,,high,low,5,unstoppable,,,29/09/2026 13:02
43208d1e-462b-44f3-9c25-0ba680cb6f62,rueful.coffee,available,6.98,47.98,medium,low,6,namecheap,,,12/08/2026 23:38
5fafdff3-a6d9-4a5c-96dd-679a812cc0e4,apposite.coffee,available,6.98,47.98,medium,low,8,namecheap,,,06/08/2026 07:53
a25f1637-c243-44bc-b83c-85a00833539e,ciao.coffee,available,16.99,42.99,high,low,4,namesilo,,,18/09/2026 13:10
70ba0ed8-875e-495b-96f6-fd163bde3b87,mba.coffee,available,16.99,42.99,high,low,3,namesilo,,,25/09/2026 09:16
38e41ee3-6670-4b26-a121-e8cefa835f7e,rages.coffee,available,6.98,47.98,low,low,5,namecheap,,,20/09/2026 11:24
90675c7c-f059-4a75-8239-4049107c82e9,scene.coffee,available,6.98,47.98,high,low,5,namecheap,,,24/09/2026 18:53
c2f08958-f045-462f-925c-e658bf05da6a,chp.coffee,available,6.41,34.36,medium,low,3,spaceship,,,01/10/2026 01:06
6659914a-167a-417d-adad-20cf97a8e88f,sophomore.coffee,available,6.98,47.98,high,low,9,namecheap,,,10/09/2026 14:17
96c79e53-d1bd-49e0-b855-83cb746a08e8,transatlantic.coffee,available,6.41,34.36,medium,low,13,spaceship,,,30/09/2026 14:47
daea8761-0277-4797-b40c-f402c9cab0c2,canorous.coffee,available,6.98,47.98,medium,low,8,namecheap,,,11/08/2026 17:35
56ad7a83-005f-4fe2-8aae-e891b36ffb5d,diffident.coffee,available,6.98,47.98,medium,low,9,namecheap,,,14/08/2026 07:01
5421a07e-a221-4f6c-8a76-0c2a8e108064,recognised.coffee,available,16.99,42.99,high,low,10,namesilo,,,21/09/2026 15:30
f52a801b-e534-4c7d-b0a8-a6499d6ef501,bionomic.coffee,available,6.98,47.98,medium,low,8,namecheap,,,10/08/2026 03:03
3a24300d-1664-46e5-8bea-592729517baa,detained.coffee,available,16,,low,low,8,unstoppable,,,29/09/2026 05:25
73d813f1-4ba1-4465-b08b-5476a3a93ad2,bakelite.coffee,available,6.98,47.98,medium,low,8,namecheap,,,21/09/2026 20:15
394396e6-5c42-4d12-9bea-0780a64e037a,tapping.coffee,available,6.41,34.36,high,low,7,spaceship,,,28/09/2026 20:35
5847e69b-8665-4bfd-a737-9f849739f68e,distaste.coffee,available,16.99,42.99,medium,low,8,namesilo,,,19/09/2026 14:55
12f37457-9cf5-485d-a800-7ca550d4178a,scores.coffee,available,6.98,47.98,high,low,6,namecheap,,,14/09/2026 23:23
e07c0a6d-e320-4973-af9d-478e09495f7a,thematic.coffee,available,6.98,47.98,high,low,8,namecheap,,,11/09/2026 12:43
2590e148-afcf-4b2c-9368-fbb74a4ccd49,preaching.coffee,available,16,,high,low,9,unstoppable,,,28/09/2026 15:06
2a69e3b4-cf4e-408c-b9e2-1682fcb922b2,supervised.coffee,available,6.98,47.98,high,low,10,namecheap,,,11/09/2026 02:26
56ff41ee-3bf3-4d49-8e8b-ac39b22054e3,pacing.coffee,available,16.99,42.99,high,low,6,namesilo,,,01/10/2026 03:12
12f7d26d-0caa-4f52-a9fd-18da395649f9,epical.coffee,available,6.98,47.98,medium,low,6,namecheap,,,17/08/2026 10:29
051815f8-4d22-48b8-a81c-5cb36ef020df,freight.coffee,available,6.41,34.36,high,low,7,spaceship,,,28/09/2026 06:23
d4dd24d4-75d0-43c4-9642-eaeb38dc1201,awfully.coffee,available,16.99,42.99,medium,low,7,namesilo,,,22/09/2026 15:26
5fabad35-3274-4e0f-ac0d-9e4e59fb4c31,lodging.coffee,available,6.41,34.36,high,low,7,spaceship,,,30/09/2026 01:55
d7641380-88cf-4b7c-8884-392de21227d1,court.coffee,available,6.41,34.36,high,low,5,spaceship,,,27/09/2026 16:05
0afa1f9e-7d10-4ca3-ac37-a2f797ea5993,woke.coffee,available,6.41,34.36,high,low,4,spaceship,,,28/09/2026 12:32
d56834f1-84e1-474f-8b48-33948cf3a75e,baby.coffee,available,16.99,42.99,high,low,4,namesilo,,,29/09/2026 00:03
335a8db3-08d1-4fee-9a25-538cb54fe2bb,castrate.coffee,available,6.98,47.98,medium,low,8,namecheap,,,16/08/2026 07:07
5c7993ec-6ed2-48f8-b8b3-2db335f848e9,ravine.coffee,available,10.92,35.41,high,low,6,dynadot,,,30/09/2026 18:25
4e006a82-ef9b-48ee-9dac-f73beccf6204,farmer.coffee,resell,,,high,low,6,P.A Viet Nam Company Limited,22/02/2017 16:29,22/02/2027 16:29,26/09/2026 06:01
4f5194c2-4a23-4fd6-a2c0-be1f434d6395,accelerating.coffee,available,16,,high,low,12,unstoppable,,,01/10/2026 05:05
1619ac2e-2be9-412a-9019-429cce6ecb0e,lighter.coffee,available,16.99,42.99,high,low,7,namesilo,,,22/09/2026 05:44
e9b4600a-30ae-4c41-9c79-732cabf0718b,woodlawn.coffee,available,16.99,42.99,medium,low,8,namesilo,,,29/09/2026 22:48
c3c39ce2-4b55-49f7-aff0-e81fe7bdb430,expectancy.coffee,available,16.99,42.99,high,low,10,namesilo,,,19/09/2026 14:15
649a5892-41da-4668-8c86-f38657cda544,infernal.coffee,available,6.98,47.98,high,low,8,namecheap,,,10/08/2026 12:50
e9fb4510-e9b5-4ea4-a3dc-f0d08d56297a,attar.coffee,available,6.98,47.98,medium,low,5,namecheap,,,20/09/2026 19:21
80838382-841b-4bdb-9670-82227b1a40db,cato.coffee,available,16.99,42.99,high,low,4,namesilo,,,28/09/2026 07:17
91f14304-37f8-40b6-9001-bbcc96af952b,adze.coffee,available,16.99,42.99,medium,low,4,namesilo,,,17/09/2026 12:02
6701cc98-afa7-4b00-8215-6175c5260323,providence.coffee,premium,118.8,118.8,high,low,10,namesilo,,,29/09/2026 06:49
6e9a7cd0-505e-47fa-b113-2d2003d829c1,fluorine.coffee,available,6.98,47.98,medium,low,8,namecheap,,,21/09/2026 00:03
4ef9f93e-f535-44e4-8801-ffa797baca02,manufactured.coffee,available,10.81,34.5,high,low,12,porkbun,,,29/09/2026 08:36
7575a8ba-b477-49ff-a283-0540c1a3fd3e,picky.coffee,available,6.98,47.98,high,low,5,namecheap,,,25/09/2026 12:52
ce2d695a-6cee-4c47-9214-8fb3fa50bb03,han.coffee,available,16,,high,low,3,unstoppable,,,28/09/2026 02:04
c178ef12-59d6-4b50-9bc9-a6cf56690385,auteur.coffee,available,16.99,42.99,high,low,6,namesilo,,,21/09/2026 05:06
6e891913-e12d-46fa-becd-ce5385b16788,acerbity.coffee,available,16.99,42.99,medium,low,8,namesilo,,,16/09/2026 23:41
0be42ea9-fd9b-4272-9f03-58132bf2b6ff,reluctant.coffee,available,6.98,47.98,medium,low,9,namecheap,,,24/08/2026 08:21
92148fc1-6a53-43b1-8917-2462971c3125,rhode.coffee,available,19.99,50.99,high,low,5,name.com,,,25/09/2026 15:06
9551beb4-4a56-4fef-8bb8-fe5ca12f544e,medically.coffee,available,6.98,47.98,medium,low,9,namecheap,,,15/09/2026 13:56
70e3f8bb-a6f6-4660-a73a-30bf67839646,distribute.coffee,available,16.99,42.99,high,low,10,namesilo,,,28/09/2026 00:20
74cd6cc0-5420-42b6-9801-4e36a0e6c97a,sandy.coffee,premium,118.8,118.8,high,low,5,namesilo,,,06/08/2026 17:31
2704185e-8967-4b62-8fa2-efc0040ce285,hitch.coffee,available,6.98,47.98,medium,low,5,namecheap,,,20/08/2026 22:55
eb139855-1818-468a-ae15-5812bc5c8fb6,heck.coffee,available,6.41,34.36,high,low,4,spaceship,,,01/10/2026 01:34
02ec967f-b3a2-4ec4-bf43-eafd2c519c82,gluey.coffee,available,6.98,47.98,medium,low,5,namecheap,,,20/08/2026 15:16
40d80fae-43a8-440d-8b0d-39b8b5cb419b,fop.coffee,available,19.99,50.99,medium,low,3,name.com,,,13/08/2026 17:09
13f1c8e5-e796-4ebf-ae14-091bd8f093a1,acrogen.coffee,available,16.99,42.99,medium,low,7,namesilo,,,17/09/2026 03:44
d858bd25-ab8b-4a88-bc9d-889c4d79b2e9,beefeater.coffee,available,16.99,42.99,medium,low,9,namesilo,,,23/09/2026 01:09
b7cb1e79-5ff7-4db5-870a-22f8d211cda6,faraway.coffee,available,6.98,47.98,high,low,7,namecheap,,,17/08/2026 22:14
402de32d-d1d3-4187-b4c2-8a60a66d9d26,tapering.coffee,available,6.98,47.98,medium,low,8,namecheap,,,14/08/2026 21:50
c5139dcf-8acd-4d8e-9f6e-0dc768bee349,wards.coffee,available,16.99,42.99,medium,low,5,namesilo,,,30/09/2026 06:54
adcb20bc-b17f-41d0-9f9f-a28504fb1ca6,courtesy.coffee,available,6.98,47.98,high,low,8,namecheap,,,24/09/2026 18:48
21f17164-939e-4cef-830b-4c63f1910558,soar.coffee,available,16.99,42.99,high,low,4,namesilo,,,01/10/2026 03:34
c456d274-226a-4a9c-98b7-cb3f6ee7fd9e,designated.coffee,available,6.41,34.36,medium,low,10,spaceship,,,28/09/2026 22:42
3f45d6ff-9202-499f-bf48-c62f99afad7d,montclair.coffee,available,10.81,34.5,medium,low,9,porkbun,,,29/09/2026 04:37
540a8b06-66c1-4fa9-8377-3b502e0c6f7f,ledge.coffee,available,16,,high,low,5,unstoppable,,,29/09/2026 01:33
1d9bcf87-35b5-4490-a63d-48267839f7a4,portions.coffee,available,6.98,47.98,medium,low,8,namecheap,,,30/09/2026 14:36
32310c24-03aa-45c9-9069-ec3c9107afd0,conniption.coffee,available,6.98,47.98,medium,low,10,namecheap,,,18/08/2026 05:43
c20318b4-f34c-4e3e-8b75-bb8db09de1fb,die.coffee,available,16.99,42.99,high,low,3,namesilo,,,29/09/2026 12:07
41ac52db-1f8c-4ad9-b474-994a7774564c,georgians.coffee,available,16.99,42.99,medium,low,9,namesilo,,,01/10/2026 01:07
c518a63d-ae58-445f-a32f-22f1777e4382,kroeber.coffee,available,16.99,42.99,medium,low,7,namesilo,,,18/09/2026 06:35
554929f8-e21f-493c-aa9a-09c0f8176131,andesite.coffee,available,16.99,42.99,medium,low,8,namesilo,,,19/09/2026 04:04
bc356633-9c21-4669-b1d6-11826455b1cc,ascendance.coffee,available,19.99,50.99,high,low,10,name.com,,,20/09/2026 13:03
930e671c-5160-4d32-8688-b2329101e3f3,sick.coffee,available,16.99,42.99,high,low,4,namesilo,,,23/09/2026 02:10
5826f73c-020a-4eac-9588-f41074f11ef2,guidance.coffee,available,6.98,47.98,high,low,8,namecheap,,,28/09/2026 07:09
22ae67f2-8e58-4141-8a10-cdf1cc671395,flats.coffee,available,6.41,34.36,high,low,5,spaceship,,,29/09/2026 12:22
da0b8306-b053-43a0-b573-b54e6f02f393,asphalt.coffee,available,6.98,47.98,high,low,7,namecheap,,,20/09/2026 15:08
d775e4d9-ab89-4645-8cac-510ef2082a3e,djia.coffee,available,23.99,,medium,low,4,name.com,,,
c3b73050-baf4-4bbb-b27b-05efb98bce6d,bardeen.coffee,available,16.99,42.99,medium,low,7,namesilo,,,22/09/2026 05:16
4a157127-bcab-4550-8d67-fc5b0954a64a,designed.coffee,available,16.99,42.99,high,low,8,namesilo,,,24/09/2026 06:34
94816a3e-b779-48a8-b25b-08f9f6a9643c,dealers.coffee,available,6.41,34.36,medium,low,7,spaceship,,,28/09/2026 09:08
0db1718e-1181-4b1e-b684-f80137a04b13,bitok.coffee,available,16.99,42.99,medium,low,5,namesilo,,,23/09/2026 22:40
d52516d8-cfe0-454c-a965-7f56d0aebfb1,aldol.coffee,available,16.99,42.99,high,low,5,namesilo,,,18/09/2026 04:25
11157fd5-cd6a-4985-a8fa-32296490ea7f,wick.coffee,available,6.41,34.36,high,low,4,spaceship,,,29/09/2026 14:07
5c36ce85-c809-453b-a1ae-845fbeeb85a5,aerodrome.coffee,available,16.99,42.99,high,low,9,namesilo,,,17/09/2026 12:58
94c2856c-9981-49b6-845f-aef69165fe3f,soothing.coffee,available,6.98,47.98,high,low,8,namecheap,,,07/08/2026 07:40
0448d963-6a71-4a14-bb9e-9e39fc6eba17,autonomy.coffee,available,16.99,42.99,high,low,8,namesilo,,,21/09/2026 07:27
b38a2cd9-c2d5-4417-ad8f-c3cad8805d5d,aleppo.coffee,premium,118.8,118.8,high,low,6,namesilo,,,18/09/2026 05:13
bd863e3e-1161-42f1-8f34-d5c4cfe3b725,heartening.coffee,available,6.98,47.98,medium,low,10,namecheap,,,21/08/2026 02:09
5188dc76-a9ca-4a97-8fc5-461f96d34fff,franconia.coffee,available,6.41,34.36,medium,low,9,spaceship,,,30/09/2026 13:25
843fa7f1-3e5a-40d4-80a6-783966da23f4,injuries.coffee,available,16.99,42.99,low,low,8,namesilo,,,27/09/2026 21:38
440d62f0-ced9-40a3-9f39-bdc169062a36,fuentes.coffee,available,16.99,42.99,medium,low,7,namesilo,,,29/09/2026 11:52
abe2925f-7599-4e69-aa08-0004b2272cb0,wishes.coffee,available,6.98,47.98,medium,low,6,namecheap,,,25/09/2026 20:13
6b079bca-03c0-43ff-a343-be93da508634,artificially.coffee,available,6.41,34.36,medium,low,12,spaceship,,,30/09/2026 12:09
1f3c57a3-b2e0-4b54-8348-e8beabbebda7,tike.coffee,available,6.98,47.98,medium,low,4,namecheap,,,25/08/2026 00:12
f1d3bdd0-994d-43b4-930c-2f74e2ed883c,vassal.coffee,available,6.98,47.98,medium,low,6,namecheap,,,18/08/2026 03:02
5eb02f3a-0f0a-4aa2-a9bf-26aa2b18c162,equality.coffee,available,6.41,34.36,high,low,8,spaceship,,,28/09/2026 19:07
a35862aa-da9a-4aa6-9ce5-9d840dac1bfc,luckless.coffee,available,6.98,47.98,medium,low,8,namecheap,,,24/08/2026 10:59
ffbd235d-1d6a-4f27-966c-754d96f4fa55,eyeless.coffee,available,6.98,47.98,medium,low,7,namecheap,,,17/08/2026 20:02
045300a5-ce7a-4581-9363-2c3e8d4b05d0,biretta.coffee,available,16.99,42.99,medium,low,7,namesilo,,,23/09/2026 10:06
c1b7bf3f-e920-4882-b8ba-23883b2dc280,barbette.coffee,available,16.99,42.99,medium,low,8,namesilo,,,22/09/2026 04:54
f69fc4f7-1758-41e5-80a6-1589a13e2002,calhoun.coffee,available,16.99,42.99,medium,low,7,namesilo,,,27/09/2026 03:19
b9f1859d-5cef-4b97-aed1-8ec17c28f62a,decorator.coffee,available,6.98,47.98,high,low,9,namecheap,,,01/10/2026 01:42
89536b24-2570-4df6-bdf5-dc971105c42b,infancy.coffee,available,16.99,42.99,high,low,7,namesilo,,,21/09/2026 13:47
4bec8592-3c89-4581-a9aa-a73dffb11efe,specializing.coffee,available,16.99,42.99,medium,low,12,namesilo,,,20/09/2026 06:01
03ba9098-b220-4d60-8791-fcdc342bc45b,recession.coffee,available,16.99,42.99,high,low,9,namesilo,,,27/09/2026 10:55
1fce7513-cbd6-465c-add7-269324b96f34,helping.coffee,available,6.41,34.36,high,low,7,spaceship,,,29/09/2026 22:38
f6245a14-5794-4696-a370-e8df34eb7c46,excavate.coffee,available,6.98,47.98,high,low,8,namecheap,,,21/08/2026 10:33
d3edc7a7-3d62-4ba3-ba08-0f762a172094,occ.coffee,available,6.41,34.36,medium,low,3,spaceship,,,30/09/2026 14:23
f65ffba6-b555-40c3-831e-b8ad5772b30f,maple.coffee,resell,,,high,medium,5,,,,28/09/2026 06:21
7344d8e0-eac6-4d63-920e-ac1b0df36491,tenormin.coffee,available,6.98,47.98,low,low,8,namecheap,,,20/09/2026 20:11
abcb64ce-c580-4ba4-9d1e-602971c51dbe,whipple.coffee,available,10.92,35.41,medium,low,7,dynadot,,,28/09/2026 16:10
757ede55-31a7-4856-8c9f-0dd750ade4ea,cindy.coffee,available,23.99,,high,low,5,name.com,,,
f4ee5ff3-359c-4f09-9910-d5c578f633ba,fanged.coffee,available,6.98,47.98,medium,low,6,namecheap,,,17/08/2026 22:05
3bdd0c07-5001-4a6c-8aaa-ad807e0ea1cb,piles.coffee,available,6.98,47.98,high,low,5,namecheap,,,14/09/2026 23:21
e9225f22-9954-42ec-afd9-24b409d2a2dc,decree.coffee,available,33.2,33.2,high,low,6,cloudflare,,,29/09/2026 18:35
7e4242c1-1639-4293-b62b-8c533fb9b4ac,tangibly.coffee,available,6.98,47.98,medium,low,8,namecheap,,,16/09/2026 07:54
7e483ba8-0e34-48e7-8bc8-b8dfbdd4d735,organismal.coffee,available,6.98,47.98,medium,low,10,namecheap,,,04/09/2026 17:47
afd5753e-c815-4093-86cb-081bb741778d,courtly.coffee,available,6.98,47.98,high,low,7,namecheap,,,13/08/2026 03:50
1e9191cb-74e2-4f1e-8fce-eac69a892256,foolhardy.coffee,available,6.98,47.98,medium,low,9,namecheap,,,18/08/2026 10:28
400fc7e2-c5b2-4167-aec1-4f51400407e0,untenable.coffee,available,6.98,47.98,medium,low,9,namecheap,,,22/08/2026 02:35
58811a5b-2017-45b1-aee3-6606e5b68a0f,superb.coffee,available,16.99,42.99,high,low,6,namesilo,,,23/09/2026 09:28
b70bdac5-55c1-46cd-a99f-ea8c1accc278,shopper.coffee,available,16,,high,low,7,unstoppable,,,01/10/2026 02:32
0a7274f9-295c-424d-852e-e03625bd391d,favors.coffee,available,16.99,42.99,high,low,6,namesilo,,,18/09/2026 09:42
54abbbad-d567-4a36-b02a-2f3b1d56e9dc,snarl.coffee,available,6.98,47.98,medium,low,5,namecheap,,,24/08/2026 16:56
1469c5d9-eb08-4a72-b5b5-2c4aff0582a3,sectional.coffee,available,6.98,47.98,high,low,9,namecheap,,,10/09/2026 01:18
83e260f7-4339-4fc9-b28c-db970664eb20,outwear.coffee,available,6.98,47.98,medium,low,7,namecheap,,,13/09/2026 09:15
b49d8469-f8cb-4a25-ace9-c3aa0ef66fe3,mccartney.coffee,available,16,,medium,low,9,unstoppable,,,28/09/2026 06:23
4efd383b-cbf1-4d7e-ae98-02c7d0d8f497,wil.coffee,available,10.81,34.5,medium,low,3,porkbun,,,28/09/2026 21:44
2117220a-d5d2-476f-a4e2-bb42911412e0,corporeal.coffee,available,6.98,47.98,medium,low,9,namecheap,,,13/08/2026 01:54
75d3ddfb-0551-4dda-a071-cdc26cc3e1fa,genre.coffee,available,16.99,42.99,high,low,5,namesilo,,,29/09/2026 07:04
b4bdbddb-3837-49f4-ba65-fd5a0511d0e1,warrington.coffee,premium,,,medium,low,10,,,,28/09/2026 07:51
c5842b66-e115-4040-88c4-5a525cdb269a,assumptions.coffee,available,16,,medium,low,11,unstoppable,,,30/09/2026 00:31
6194772e-7d65-4c2a-89bf-76614dbd91ed,anthropoid.coffee,available,6.98,47.98,medium,low,10,namecheap,,,
75ef75b9-04aa-481e-b6eb-c1044032d3f3,cytotoxic.coffee,available,19.99,50.99,medium,low,9,name.com,,,13/08/2026 14:44
7f034ec2-8a44-4c31-926d-f115ddb75696,children.coffee,available,23.99,,high,low,8,name.com,,,
dead2546-97d7-4af1-9559-79b11994aea2,standing.coffee,available,33.2,33.2,high,low,8,cloudflare,,,28/09/2026 00:41
89abe604-ff94-477c-8466-c2434fbf2bf3,woozy.coffee,available,6.98,47.98,medium,low,5,namecheap,,,14/08/2026 14:06
f5d74d9e-01e4-469d-92b4-ce57ee487f68,authorities.coffee,available,6.98,47.98,medium,low,11,namecheap,,,27/09/2026 02:17
c819479f-1edb-4c21-9830-4bed7291100b,deafening.coffee,available,19.99,50.99,medium,low,9,name.com,,,13/08/2026 19:54
95e4e43d-deb7-4218-b279-31776bb05480,dike.coffee,available,6.98,47.98,medium,low,4,namecheap,,,11/08/2026 11:33
a384e650-5619-4a4a-bb97-fde20bd13c42,adversity.coffee,available,16.99,42.99,high,low,9,namesilo,,,17/09/2026 10:54
3cfc2e9d-40de-47cf-aad7-f95daba071ea,nohow.coffee,available,6.98,47.98,low,low,5,namecheap,,,15/09/2026 16:44
1908579f-e834-4b30-b176-9aaf88974eaf,albula.coffee,available,16.99,42.99,medium,low,6,namesilo,,,18/09/2026 03:24
61ccd6fe-f92f-427f-bfb8-6833d13839a8,foe.coffee,available,6.41,34.36,medium,low,3,spaceship,,,29/09/2026 18:55
ce9d267f-28f3-4142-8e79-0ee388aa8dde,leash.coffee,available,6.98,47.98,high,low,5,namecheap,,,
184892f1-eae9-43a1-ae30-b65f9e47bf1a,ethical.coffee,resell,,,high,low,7,"Sav.com, LLC",19/11/2020 01:27,19/11/2026 01:27,26/09/2026 05:54
f5b9ed7c-666c-4ac4-929b-f35f0a8cce3e,verge.coffee,available,6.41,34.36,high,low,5,spaceship,,,28/09/2026 18:30
59e08c28-a512-49c2-a361-6b64dc57676b,surviving.coffee,available,6.98,47.98,high,low,9,namecheap,,,11/09/2026 04:49
535ac01a-3834-4bac-8a60-d0ffd6a021a9,perturbed.coffee,available,6.98,47.98,medium,low,9,namecheap,,,18/08/2026 09:31
5a832cdf-dae6-4f49-8e89-1bd42857f1a4,either.coffee,available,6.41,34.36,medium,low,6,spaceship,,,28/09/2026 14:39
f0792fb6-1b7a-4b5c-9610-5ad1400d0126,pompous.coffee,available,6.98,47.98,medium,low,7,namecheap,,,12/08/2026 00:37
3676b64d-cab1-4098-944a-32489b7f2bae,layer.coffee,available,16.99,42.99,high,low,5,namesilo,,,30/09/2026 02:26
7bcba93f-2479-4f26-961d-ed29105b2db8,uninterrupted.coffee,available,33.2,33.2,medium,low,13,cloudflare,,,01/10/2026 06:00
2cf39200-71a7-46b1-b8a8-7afd6591b406,lakota.coffee,available,33.2,33.2,high,low,6,cloudflare,,,29/09/2026 13:15
0a5873b1-f576-49a4-ac64-22843ee0e6e3,punching.coffee,available,10.92,35.41,medium,low,8,dynadot,,,29/09/2026 00:06
227415a9-99ff-4219-8a05-cd39d826120e,answering.coffee,available,16.99,42.99,high,low,9,namesilo,,,22/09/2026 05:38
8574b6f4-9a9e-4381-a4d8-ac505ab1d6ed,ursula.coffee,available,16.99,42.99,medium,low,6,namesilo,,,28/09/2026 03:44
cdf75ef5-37ea-4f6a-935d-3559ed13f7ec,imminent.coffee,available,6.98,47.98,high,low,8,namecheap,,,21/08/2026 20:55
ef09d192-b141-4e17-a008-7edb64ed4879,achromic.coffee,available,6.98,47.98,medium,low,8,namecheap,,,
6d97d1f5-b967-405e-b439-e4133c0bb57d,whom.coffee,available,23.99,,medium,low,4,name.com,,,
d7f8c72d-e3c0-4aa6-8644-c04e0c277d95,dashing.coffee,available,19.99,50.99,high,low,7,name.com,,,13/08/2026 17:27
8c9d8bb9-45d2-4cd8-b31c-729ccc53c564,crystals.coffee,available,16.99,42.99,medium,low,8,namesilo,,,29/09/2026 04:45
24924933-ff60-4163-bb3e-a402ab8f5216,chet.coffee,available,6.41,34.36,high,low,4,spaceship,,,29/09/2026 03:38
24ace25b-24f9-4e01-8324-c32957f522ba,quail.coffee,available,6.41,34.36,high,low,5,spaceship,,,01/10/2026 02:11
75ddcee8-7fdd-4e14-8a74-757d801feb39,vehicles.coffee,available,16.99,42.99,medium,low,8,namesilo,,,16/09/2026 11:23
46ffc0f8-efe5-4b36-8750-52adbd545bbf,cues.coffee,available,33.2,33.2,medium,low,4,cloudflare,,,01/10/2026 00:54
9181049f-4c04-438e-9c19-ecea65f96115,untraveled.coffee,available,6.98,47.98,medium,low,10,namecheap,,,12/09/2026 21:42
ae42a269-d852-4a30-8f9f-5c6d1af944a3,extend.coffee,available,6.98,47.98,high,low,6,namecheap,,,30/09/2026 19:37
630faa96-0ba9-4c78-acd4-f40537748809,planate.coffee,available,6.98,47.98,medium,low,7,namecheap,,,18/08/2026 06:53
8cbe862d-ddf4-45a8-84e6-41708c9decf0,abbatial.coffee,available,6.98,47.98,medium,low,8,namecheap,,,
401082c4-1d85-42df-9d84-8e3c138fe0b4,wintry.coffee,available,6.98,47.98,medium,low,6,namecheap,,,18/08/2026 16:31
65d7f1fa-11dc-4794-a425-06a264cd31f8,americium.coffee,available,16.99,42.99,medium,low,9,namesilo,,,18/09/2026 15:35
d6522017-6343-4803-bcb8-eb81bba97e69,furnish.coffee,available,16,,high,low,7,unstoppable,,,30/09/2026 11:07
a006bb8a-43e6-4eed-ab21-4ed02583df10,bunker.coffee,available,6.41,34.36,high,low,6,spaceship,,,28/09/2026 05:21
cf78a4e5-42b1-44a0-ae63-7599ad4078a8,overture.coffee,available,6.41,34.36,high,low,8,spaceship,,,30/09/2026 18:16
00da12e6-259a-4e97-94ef-0d597e2c9700,acrylate.coffee,available,16.99,42.99,medium,low,8,namesilo,,,17/09/2026 04:05
5b445673-a12d-4397-acf8-0c5e0d18c1a8,trap.coffee,available,16.99,42.99,high,low,4,namesilo,,,25/09/2026 15:44
2216425c-09ed-41fb-a03d-9329caf7b27b,coverage.coffee,available,10.81,34.5,high,low,8,porkbun,,,29/09/2026 11:52
fd3d41eb-03ac-4641-8ad9-81d4f1e98b91,magically.coffee,available,6.98,47.98,high,low,9,namecheap,,,13/09/2026 21:17
c109ac4e-6ecc-43c0-95a1-53587d2b1034,cloudlike.coffee,available,6.98,47.98,medium,low,9,namecheap,,,12/08/2026 12:38
f49acdbb-fcf8-48ce-8b96-f336672c3bbe,modal.coffee,available,6.98,47.98,high,low,5,namecheap,,,25/09/2026 21:10
bbf9c53c-92af-4464-9dfe-0687d7eaa3f6,dalmatia.coffee,available,6.41,34.36,medium,low,8,spaceship,,,29/09/2026 12:00
8405fcdc-1848-44cd-a3a7-e5247934f627,sons.coffee,available,16.99,42.99,medium,low,4,namesilo,,,27/09/2026 09:28
e37a14f7-caea-41dc-9c01-515ceac96049,gregorio.coffee,available,23.99,,high,low,8,name.com,,,
54b216b0-f96c-4cef-b9f1-28076529cec9,derive.coffee,available,16,,high,low,6,unstoppable,,,29/09/2026 20:28
87dec7af-8fe5-4c54-8c45-caa5f1fd23d6,dildo.coffee,available,16.99,42.99,medium,low,5,namesilo,,,24/09/2026 22:19
4af6d9b4-17d7-4653-bd61-a335a75adb15,glittering.coffee,available,6.98,47.98,high,low,10,namecheap,,,
baa03acc-0bab-438b-ae36-3c951702a825,endoscopic.coffee,available,6.98,47.98,medium,low,10,namecheap,,,17/08/2026 01:19
b7da7b33-c1c3-42d1-bdfe-419b837ab89f,powerplant.coffee,available,16.99,42.99,high,low,10,namesilo,,,29/09/2026 08:38
e9539376-c7fe-42b7-bd8e-e6d03f9f4494,specialized.coffee,available,23.99,,high,low,11,name.com,,,
721ed485-f1c2-44b9-83fe-afda01612592,chthonian.coffee,available,6.98,47.98,medium,low,9,namecheap,,,12/08/2026 07:26
4ab9e3e3-7859-4dee-80d0-65e6611b09cb,abscess.coffee,available,6.98,47.98,medium,low,7,namecheap,,,16/09/2026 17:31
59b14e36-8e5d-4cb1-ab3a-a8f9348ceda3,variations.coffee,available,6.98,47.98,medium,low,10,namecheap,,,18/09/2026 20:13
9d35aac8-82aa-4a61-9c9d-105af64fe568,punctuate.coffee,available,16.99,42.99,high,low,9,namesilo,,,16/09/2026 21:54
169b0635-84d6-4af9-bd92-3c1363917ccc,agrypnia.coffee,available,6.98,47.98,medium,low,8,namecheap,,,17/09/2026 20:02
da923a9d-d09e-438c-8fc9-2220e9f7c18e,managing.coffee,available,23.99,,high,low,8,name.com,,,
5bff9c01-04bf-4673-a116-84231f7d2cbe,cameron.coffee,available,6.98,47.98,high,low,7,namecheap,,,25/09/2026 21:03
ded3f95e-7f52-4e4a-b7fb-8742c3b9163e,byzant.coffee,available,16.99,42.99,medium,low,6,namesilo,,,23/09/2026 12:17
64dce964-8295-45ec-b0c5-d1b883d8b7b4,dumbarton.coffee,available,16.99,42.99,medium,low,9,namesilo,,,29/09/2026 04:37
a1f169b0-65e5-403b-9ea5-fc41a9ce90d4,altruistic.coffee,available,6.98,47.98,high,low,10,namecheap,,,22/09/2026 02:48
c27125ed-4cf4-4d69-b31d-b2613b480bd9,adagio.coffee,available,6.98,47.98,high,low,6,namecheap,,,
9020e05a-70c8-499c-b5a9-a79a1bf83fbf,requisitions.coffee,available,16.99,42.99,medium,low,12,namesilo,,,20/09/2026 14:26
4d5915e4-2fa2-4fe4-ae91-718564fec2d5,apples.coffee,available,16.99,42.99,high,low,6,namesilo,,,18/09/2026 14:01
d68a4628-4761-4fb7-815c-40475fd055c7,informers.coffee,available,16.99,42.99,medium,low,9,namesilo,,,21/09/2026 09:19
3001d46f-05b8-436a-9a6e-c2ff17d7b496,parky.coffee,available,6.98,47.98,medium,low,5,namecheap,,,08/09/2026 01:38
28d8922e-47d5-4a14-8587-ceccbd10cc40,cartoons.coffee,available,16,,medium,low,8,unstoppable,,,29/09/2026 00:08
60ba9bac-eb3a-428b-b539-981b19a620f2,quincy.coffee,premium,78.54,78.54,high,low,6,namesilo,,,28/09/2026 10:11
918dc865-790d-4416-904d-a0df6b504ad3,evince.coffee,available,6.98,47.98,high,low,6,namecheap,,,17/08/2026 18:43
184cc75b-bdb8-4e2e-a54d-6788f48e4a7f,negotiate.coffee,available,10.81,34.5,high,low,9,porkbun,,,30/09/2026 20:35
80613e2b-d017-4767-88ca-b882cd28685d,slovene.coffee,available,6.98,47.98,medium,low,7,namecheap,,,28/09/2026 20:30
4819c61f-a662-479e-8e58-7f7e81c01c85,table.coffee,premium,520,520,high,low,5,namecheap,,,30/09/2026 04:19
7fe1e1e8-63b2-41ae-ae75-25700256e8f7,compliment.coffee,available,16.99,42.99,high,low,10,namesilo,,,24/09/2026 16:50
09bc8b48-5391-4b60-996e-8dcf6d98a8d6,arizonian.coffee,available,6.98,47.98,medium,low,9,namecheap,,,20/09/2026 06:06
0e42cbe3-e220-4f43-91a9-8ab6b7ae11bd,thorny.coffee,available,6.98,47.98,medium,low,6,namecheap,,,08/08/2026 17:55
6e0d499a-f79c-47d4-9438-d13a017189fd,factories.coffee,available,19.99,50.99,medium,low,9,name.com,,,20/09/2026 05:09
6169b360-3071-4917-8af9-563f8adf7572,storyboards.coffee,available,16.99,42.99,medium,low,11,namesilo,,,20/09/2026 14:39
3fbe0be9-d215-429e-914e-188fe847b37d,overhead.coffee,available,16.99,42.99,high,low,8,namesilo,,,26/09/2026 03:30
a3ef8504-f727-48ed-b2bc-69540f25f946,rant.coffee,available,16.99,42.99,high,low,4,namesilo,,,24/09/2026 03:37
9323b2f1-0583-4bb5-84f8-249812e60c91,erin.coffee,available,6.41,34.36,high,low,4,spaceship,,,28/09/2026 05:36
94abdcaa-8bc7-419d-a341-3473b4fbb3dd,pasta.coffee,available,10.92,35.41,high,low,5,dynadot,,,28/09/2026 20:26
1b1e8491-d91b-46bc-9763-e32e96b9c50d,interviewed.coffee,available,16,,low,low,11,unstoppable,,,28/09/2026 18:11
7e420158-79cb-4754-b0a8-870fd4b88be1,shuttle.coffee,available,6.41,34.36,high,low,7,spaceship,,,27/09/2026 15:53
fd5f4065-fbe1-4f17-b947-c1b45bbb5bf2,distress.coffee,available,10.92,35.41,high,low,8,dynadot,,,29/09/2026 16:17
6d7b35cc-174e-4fd0-bf4b-02e15f3e6d8d,erupt.coffee,available,16.99,42.99,high,low,5,namesilo,,,30/09/2026 16:28
7e9feb1b-4771-43b9-b689-f3ab2a5b1891,egoist.coffee,available,6.98,47.98,medium,low,6,namecheap,,,15/08/2026 19:43
c649898d-b2e9-435f-a5cb-5b3e34ea5e4f,minds.coffee,available,6.98,47.98,medium,low,5,namecheap,,,25/09/2026 20:20
c9af8a1c-2e8c-4c10-994c-39a824ff3e8d,expertly.coffee,available,6.98,47.98,medium,low,8,namecheap,,,14/09/2026 17:05
4c9dbde1-7134-4378-8e71-8b52530c5070,pasture.coffee,available,16.99,42.99,high,low,7,namesilo,,,29/09/2026 00:44
21bcf8d3-8658-4aac-871d-182990371e5c,eased.coffee,available,6.98,47.98,high,low,5,namecheap,,,
d08bf494-93c4-44c5-a603-f2fd30b0a64a,tantrum.coffee,available,6.98,47.98,medium,low,7,namecheap,,,18/08/2026 05:41
c386839a-2f6b-4304-85b9-5edb076dc5ba,pains.coffee,available,6.41,34.36,high,low,5,spaceship,,,28/09/2026 06:29
880b3ba7-4ea9-4aa1-ac99-149d0cdb97d5,civilised.coffee,available,6.98,47.98,high,low,9,namecheap,,,12/08/2026 09:08
77b34c1f-d542-4660-ae22-709dbba6dd98,voluntarily.coffee,available,6.41,34.36,high,low,11,spaceship,,,01/10/2026 05:44
49bbc954-48da-4cea-a811-262cdd611b4e,methodist.coffee,available,6.98,47.98,high,low,9,namecheap,,,24/08/2026 21:58
b6179ef2-4d8c-4431-908b-c956c5d9bb16,bygone.coffee,available,6.98,47.98,medium,low,6,namecheap,,,11/08/2026 12:06
ceaf0bf6-965f-4b04-b6ec-589ff787614b,munificent.coffee,available,6.98,47.98,medium,low,10,namecheap,,,22/08/2026 21:09
eb062350-1822-491a-9238-bde96cc7f1da,spaghetti.coffee,available,6.41,34.36,high,low,9,spaceship,,,28/09/2026 15:23
029e512d-0a38-4f84-bbe2-595689a1e74b,invasive.coffee,available,6.98,47.98,medium,low,8,namecheap,,,16/08/2026 23:54
818d5f98-6461-4c79-a0e3-bcc0b8b017fe,unimportant.coffee,available,33.2,33.2,medium,low,11,cloudflare,,,01/10/2026 06:09
d804b1c1-7cac-42b5-85a3-c238fc467991,vehement.coffee,available,6.98,47.98,medium,low,8,namecheap,,,11/09/2026 09:44
44bc347c-a847-4ec7-97ea-49319d8eb56d,toiling.coffee,available,6.98,47.98,high,low,7,namecheap,,,14/08/2026 20:00
a93bac41-b9dc-4fa1-887f-c373ae087265,dejected.coffee,available,6.98,47.98,medium,low,8,namecheap,,,14/08/2026 00:19
af947d68-9b9c-42d6-a1a9-6ec0ac189846,dahl.coffee,available,6.41,34.36,medium,low,4,spaceship,,,28/09/2026 09:14
9ec28320-04e1-4fc2-9b90-a6226acf2e32,mohamed.coffee,available,16.99,42.99,medium,low,7,namesilo,,,28/09/2026 04:07
9e1becd6-9307-4aaa-a726-653d89b116ed,uuh.coffee,available,16.99,42.99,medium,low,3,namesilo,,,20/09/2026 22:22
7decf698-4cb4-45f3-a2ed-9939c26cd832,thrifty.coffee,available,6.98,47.98,high,low,7,namecheap,,,11/09/2026 14:34
f66c6164-b61e-47ca-b3c2-fa60a2e96466,widow.coffee,available,16.99,42.99,high,low,5,namesilo,,,27/09/2026 05:54
c770be7f-0a77-4b3a-b30a-785dcf4e7016,antic.coffee,available,6.98,47.98,high,low,5,namecheap,,,
aa55cd96-852e-4808-ad59-3ea8822c0cf2,spoiled.coffee,available,6.98,47.98,medium,low,7,namecheap,,,10/09/2026 16:20
87a6aa6d-5598-4971-8501-e72029962e25,hangover.coffee,available,16.99,42.99,high,low,9,namesilo,,,30/09/2026 01:50
029acfc3-9097-4af7-8574-b801c6aa2dc2,ammo.coffee,available,16.99,42.99,high,low,4,namesilo,,,18/09/2026 22:06
53112de5-7430-40b0-b1eb-7900644ab500,vertebral.coffee,available,6.98,47.98,medium,low,9,namecheap,,,13/09/2026 04:33
0417375d-85cb-4cef-888a-13fbd432c919,calamus.coffee,available,6.98,47.98,medium,low,7,namecheap,,,17/09/2026 02:27
2c24f2ce-6a4e-411c-9ffe-611282d14937,poke.coffee,available,6.98,47.98,high,low,4,namecheap,,,22/08/2026 18:45
109e5389-604b-4044-ba99-65b2e6d2ed66,assassination.coffee,available,6.41,34.36,medium,low,13,spaceship,,,28/09/2026 11:16
ee1a5209-293e-4166-8c1f-91d57506a115,macaulay.coffee,available,16.99,42.99,medium,low,8,namesilo,,,28/09/2026 14:12
56b21cc8-bf1b-448c-a571-f3efaba16c46,eyestrain.coffee,available,16.99,42.99,medium,low,9,namesilo,,,20/09/2026 17:21
086358c4-eaf3-4130-afbe-deedd93c7c90,miao.coffee,available,6.98,47.98,high,low,4,namecheap,,,21/08/2026 10:03
f5a448e7-3cbf-4e0e-9a01-c69acd96f12f,renal.coffee,available,6.98,47.98,medium,low,5,namecheap,,,09/09/2026 13:51
3c62af3b-db84-405d-b2b0-6e6a6a1982da,organismic.coffee,available,6.98,47.98,medium,low,10,namecheap,,,04/09/2026 17:49
eaeee2d2-3c9a-4105-914d-085acf7345cf,walking.coffee,available,16.99,42.99,high,low,7,namesilo,,,28/09/2026 10:16
f05a567d-5eee-49b9-b329-94231b36efaa,jerk.coffee,available,16.99,42.99,high,low,4,namesilo,,,25/09/2026 11:41
ba59c7a2-f68c-4851-8dbc-70dafc23d3fa,pawn.coffee,available,16.99,42.99,high,low,4,namesilo,,,28/09/2026 18:36
35cbeafb-8fbb-484b-927b-0a03ecd2d8c2,bandung.coffee,premium,118.8,118.8,medium,low,7,namesilo,,,22/09/2026 01:32
8e73eae1-7124-4a73-9d87-e79eb97b2982,bettering.coffee,available,6.98,47.98,high,low,9,namecheap,,,09/08/2026 18:11
236b620b-1610-4c56-9db4-96418aa1f7dd,commenting.coffee,available,23.99,,high,low,10,name.com,,,
273ab5aa-367d-4dd4-913f-0d192ac828d7,crusade.coffee,available,6.41,34.36,medium,low,7,spaceship,,,28/09/2026 09:29
d533eb26-b70b-4c93-bc2e-26120bf7b873,anus.coffee,available,16.99,42.99,medium,low,4,namesilo,,,19/09/2026 15:56
cca67bd4-0386-4215-83d5-05a3761f7010,contributing.coffee,available,16.99,42.99,medium,low,12,namesilo,,,30/09/2026 05:48
038eb950-eea4-4bd4-86d7-3bf1c5ec3224,vanished.coffee,available,6.98,47.98,medium,low,8,namecheap,,,13/09/2026 01:09
b85765d1-4283-4869-8829-5b5c25ff7637,riemann.coffee,available,6.98,47.98,high,low,7,namecheap,,,23/09/2026 09:54
580a618c-6022-40c6-bc89-c9d648d6f491,riggs.coffee,available,16.99,42.99,medium,low,5,namesilo,,,28/09/2026 08:07
4fad03d6-0828-40b7-a325-30b36f71c833,handcuffs.coffee,available,16.99,42.99,medium,low,9,namesilo,,,30/09/2026 14:17
26b78939-047c-4d99-9366-55609c68c7d1,linear.coffee,available,6.98,47.98,high,low,6,namecheap,,,
f09202cb-e4fb-4342-9e09-9ee9415a06c6,draws.coffee,available,13.98,47.98,high,low,5,namecheap,,,
7de03925-a8d8-46a5-bfdc-fe9b4eb6c0bf,cinematic.coffee,available,6.98,47.98,high,low,9,namecheap,,,12/08/2026 08:13
f7b613e9-22fc-4d6e-ae7e-f0adad880095,annotating.coffee,available,16.99,42.99,medium,low,10,namesilo,,,19/09/2026 10:41
d364bf35-d5e2-4dc9-9ee9-adbe17fdaf26,caramel.coffee,premium,123.75,123.75,high,low,7,name.com,,,11/08/2026 18:28
a78023ce-a80b-4cd5-8691-41435462873e,henan.coffee,available,6.41,34.36,medium,low,5,spaceship,,,29/09/2026 15:30
1c2358b4-3930-4e2c-bbf0-be6c98ab96e0,unhindered.coffee,available,6.98,47.98,medium,low,10,namecheap,,,12/09/2026 11:55
5bb1f3db-e0bd-4c9a-8cc5-8d1f92127399,rivers.coffee,available,6.41,34.36,medium,low,6,spaceship,,,28/09/2026 08:05
625f53a3-118f-4929-a8d9-72c1bfeb4c5d,ipsus.coffee,available,16.99,42.99,medium,low,5,namesilo,,,22/09/2026 15:09
78514825-c4bc-422d-927f-9d5241971f4c,benzol.coffee,available,16.99,42.99,high,low,6,namesilo,,,23/09/2026 08:53
e79ba7c8-c2db-4bef-a3e0-141fc0b661b4,bede.coffee,available,16.99,42.99,high,low,4,namesilo,,,21/09/2026 17:17
af26fb1b-6479-46de-a7aa-081517b09792,interact.coffee,available,6.41,34.36,high,low,8,spaceship,,,30/09/2026 20:24
8b71021d-1db6-4e53-98e8-2846f3fb0d4b,chatbot.coffee,available,23.99,,high,medium,7,name.com,,,
d30235c9-b9a0-4562-b4f9-e61f1ae52b2f,ripped.coffee,available,6.41,34.36,high,low,6,spaceship,,,27/09/2026 17:41
acf077e0-465b-45ed-8994-16053ce3d9a9,bottle.coffee,available,16.99,42.99,high,low,6,namesilo,,,24/09/2026 07:30
a703929c-cb80-4b9d-abf3-5b78a68911b1,showered.coffee,available,16.99,42.99,medium,low,8,namesilo,,,20/09/2026 16:51
4ce7558c-9760-4f08-adf1-efbd55ffab7a,unneeded.coffee,available,6.98,47.98,medium,low,8,namecheap,,,12/09/2026 15:52
08d04073-2a84-4341-842b-4f447cf46abd,kuomintang.coffee,available,33.2,33.2,medium,low,10,cloudflare,,,28/09/2026 14:23
61d91e8c-557c-47e3-9811-f1d428d006cd,nihilistic.coffee,available,6.98,47.98,medium,low,10,namecheap,,,03/09/2026 17:24
ddc2e0f0-b8ce-45a9-bd17-1a59726b9d0b,graduate.coffee,available,6.98,47.98,high,low,8,namecheap,,,20/08/2026 17:51
fde0f775-b99e-48b0-93ec-d22186c87b86,ohmic.coffee,available,6.98,47.98,medium,low,5,namecheap,,,04/09/2026 01:46
91e38526-de20-4cdd-9c8d-a8a570770551,concentric.coffee,available,6.98,47.98,high,low,10,namecheap,,,12/08/2026 19:57
58b70543-42cc-4c22-8207-64622c243b4d,courthouse.coffee,available,6.41,34.36,medium,low,10,spaceship,,,28/09/2026 09:28
517e87bb-181b-4b97-b85c-83b1bbab54d6,recoil.coffee,available,6.98,47.98,high,low,6,namecheap,,,21/09/2026 15:32
55b70aae-a71f-4d85-9840-c31cb7234fb1,nuthin.coffee,available,23.99,,medium,low,6,name.com,,,
eec134f5-761e-4809-932d-24a2b969d793,appendix.coffee,available,6.98,47.98,high,low,8,namecheap,,,19/09/2026 20:40
fddb3da9-a87b-4a62-8f29-fd74392923bf,gardner.coffee,available,16.99,42.99,high,low,7,namesilo,,,25/09/2026 05:38
12b08f18-fe8c-47c2-af2a-5d020b9e150c,asexually.coffee,available,6.98,47.98,medium,low,9,namecheap,,,13/09/2026 22:03
b70b619e-b8d3-4386-b9ea-98e79cd73f8b,rhenium.coffee,available,16.99,42.99,medium,low,7,namesilo,,,20/09/2026 23:48
7ecf4606-bdad-45d4-af8c-e81abd976c86,ssa.coffee,available,16.99,42.99,high,low,3,namesilo,,,29/09/2026 08:03
75b61775-290c-4a91-8e6d-0afd978c250a,useless.coffee,available,16,,medium,low,7,unstoppable,,,28/09/2026 10:02
6628fb8f-9cda-4ff2-84a8-22e5b1a651ab,breeding.coffee,available,6.98,47.98,high,low,8,namecheap,,,11/08/2026 03:36
5a3134bd-0337-4b3a-bd96-85b036e2f09f,unicameral.coffee,available,6.98,47.98,medium,low,10,namecheap,,,12/09/2026 12:46
7a192d01-b340-40ef-974b-208f22b8d554,murdoch.coffee,available,19.99,73.99,medium,low,7,godaddy,,,28/09/2026 01:45
aeb6134e-6d25-405b-9c4f-780d97e6d5de,wiley.coffee,available,16.99,42.99,high,low,5,namesilo,,,27/09/2026 08:05
d847f174-738a-4001-aee8-548a8d144bfb,daunting.coffee,available,19.99,50.99,medium,low,8,name.com,,,13/08/2026 18:48
6a99e528-693a-4027-9780-ab768bf14b71,sciolist.coffee,available,6.98,47.98,medium,low,8,namecheap,,,14/08/2026 07:43
77cd4a2a-da5a-494f-a372-f897c9e7116e,opened.coffee,available,6.98,47.98,high,low,6,namecheap,,,04/09/2026 16:13
31b0a605-1f0f-4e0b-a6c9-8817795debb9,frequently.coffee,available,16.99,42.99,medium,low,10,namesilo,,,28/09/2026 14:57
2ba5963e-2f68-4d5a-920b-ecf58239ad46,persistence.coffee,available,23.99,,high,low,11,name.com,,,
3950df21-e394-4b9d-86ed-da3a631a8c77,cylinders.coffee,available,6.41,34.36,low,low,9,spaceship,,,30/09/2026 06:02
b2e956c9-36d2-4bd4-af97-9c791d84c1b3,accordance.coffee,available,16.99,42.99,high,low,10,namesilo,,,16/09/2026 23:00
58906770-665b-4f32-bdb6-b2b06d2bece4,gil.coffee,available,16.99,42.99,high,low,3,namesilo,,,25/09/2026 13:06
d4f68e61-57e9-4eeb-baba-d9609b3f3724,landscaped.coffee,available,6.98,47.98,medium,low,10,namecheap,,,22/08/2026 19:30
d2930d91-0865-4317-84b0-7e494c28612a,absinth.coffee,available,19.99,50.99,high,low,7,name.com,,,16/09/2026 17:44
6835c503-ed86-4830-b236-334fd330c28c,crinkly.coffee,available,6.98,47.98,medium,low,7,namecheap,,,13/08/2026 06:51
45ba8763-8dd8-4aa3-abcf-225a30af83b3,paints.coffee,available,16.99,42.99,medium,low,6,namesilo,,,29/09/2026 05:51
b349ea70-46f6-4785-a7a1-72cbb641ba9b,mandal.coffee,available,10.92,35.41,medium,low,6,dynadot,,,30/09/2026 20:27
60e5606a-8454-49e9-88a6-14269d62231a,hips.coffee,available,10.81,34.5,high,low,4,porkbun,,,28/09/2026 22:48
545a24f7-9358-46df-8644-452d7547fcf5,narcotics.coffee,available,6.41,34.36,medium,low,9,spaceship,,,28/09/2026 22:46
2b88256d-8b56-47d5-a22c-229c22879e33,epilepsy.coffee,available,33.2,33.2,medium,low,8,cloudflare,,,30/09/2026 01:32
0750cde6-c066-471f-8592-7e98594c27ef,taxonomy.coffee,available,16.99,42.99,high,low,8,namesilo,,,30/09/2026 03:01
59ff9b88-7aeb-4403-8172-20c7a50bc511,vividly.coffee,available,6.98,47.98,high,low,7,namecheap,,,16/09/2026 11:06
00ca9d27-4235-482e-83ae-bb9b9b6b8f1f,frederick.coffee,available,6.98,47.98,high,low,9,namecheap,,,28/09/2026 01:56
c2f4649f-9ed7-4918-a473-e01e3be28016,skittish.coffee,available,6.98,47.98,medium,low,8,namecheap,,,10/09/2026 09:48
8bd23446-99eb-456f-a89f-9bead4610664,cheerfully.coffee,available,16,,high,low,10,unstoppable,,,28/09/2026 13:48
7055d371-3e95-4623-b64c-e29ec139e95f,macaroni.coffee,available,10.92,35.41,high,low,8,dynadot,,,01/10/2026 02:55
526b798c-f7b1-458c-be11-f1c1731f46e0,yuan.coffee,available,10.81,34.5,high,low,4,porkbun,,,29/09/2026 07:27
a72269fa-b7b2-40c3-9b44-95907431cee3,crosswise.coffee,available,6.98,47.98,medium,low,9,namecheap,,,13/08/2026 08:23
26863712-5d7d-47cc-a643-beb96b7b62ee,donnelly.coffee,available,6.98,47.98,medium,low,8,namecheap,,,27/09/2026 20:53
53299a32-be9f-4bc6-97e4-5e123ca2e6a0,swing.coffee,available,10.81,34.5,high,low,5,porkbun,,,28/09/2026 02:11
4aa2aeeb-e1ca-4ebd-9998-8caa1bc313ef,babushka.coffee,available,6.98,47.98,high,low,8,namecheap,,,21/09/2026 12:58
6116fb0e-898d-4ef6-8034-145b7860be97,speedily.coffee,available,6.98,47.98,medium,low,8,namecheap,,,13/09/2026 20:19
97048ff1-46a8-42a7-9f60-d92da68ddf9c,moderately.coffee,available,16.99,42.99,medium,low,10,namesilo,,,25/09/2026 12:00
66b9d620-711f-4c01-b557-9d797a2aff74,bashfully.coffee,available,6.98,47.98,medium,low,9,namecheap,,,13/09/2026 23:41
ad4a04fb-7450-4a70-89eb-313072e6cae3,aquatint.coffee,available,16.99,42.99,medium,low,8,namesilo,,,19/09/2026 23:09
6d8337a8-91bb-40c5-9ef0-b1f60af5df71,sargent.coffee,available,16.99,42.99,medium,low,7,namesilo,,,27/09/2026 04:36
1c35f08c-e950-4739-8629-f0d9cf620e07,meets.coffee,available,16.99,42.99,high,low,5,namesilo,,,27/09/2026 06:26
d3c7f014-7d65-4906-96f9-b6e6e17dd327,sibylline.coffee,available,6.98,47.98,medium,low,9,namecheap,,,11/08/2026 12:20
c458d74f-2bca-4fe9-9c26-7a796d98ff20,atenolol.coffee,available,6.98,47.98,medium,low,8,namecheap,,,20/09/2026 20:09
313b1dae-36e1-4459-aabd-ad438d479bca,toroidal.coffee,available,6.98,47.98,medium,low,8,namecheap,,,11/09/2026 17:55
532680c7-2061-49ce-ad4f-b8c55f9c0e80,latterly.coffee,available,6.98,47.98,medium,low,8,namecheap,,,15/09/2026 10:54
1ce5090d-1c61-461b-87dc-66ad2a3c4f8a,affiant.coffee,available,16.99,42.99,medium,low,7,namesilo,,,17/09/2026 14:22
4d93d70f-b318-448a-89fa-f3ad243139bb,tanker.coffee,available,10.92,35.41,high,low,6,dynadot,,,29/09/2026 07:46
4e600baf-4727-402e-a09c-4857b58dc137,brushed.coffee,available,6.98,47.98,high,low,7,namecheap,,,11/08/2026 06:58
707947a3-fec6-498b-ae3d-bedd61181c40,huffish.coffee,available,6.98,47.98,medium,low,7,namecheap,,,21/08/2026 14:38
641279aa-2604-457f-bbd6-8c3f95f00230,injury.coffee,available,16.99,42.99,high,low,6,namesilo,,,25/09/2026 06:58
4a2aee66-30b5-4c31-b607-20ee47eb756f,anemone.coffee,available,16.99,42.99,high,low,7,namesilo,,,19/09/2026 05:19
6587bf80-c851-4925-8471-489a3f5ef9c3,sagacious.coffee,available,6.98,47.98,high,low,9,namecheap,,,08/09/2026 18:02
19817a81-978c-41cb-bc07-68444d573629,eustace.coffee,available,33.2,33.2,medium,low,7,cloudflare,,,29/09/2026 15:27
340addc7-2c04-4ed8-86c1-f2be7fc3a051,piracy.coffee,available,16,,high,low,6,unstoppable,,,01/10/2026 01:12
9c56cf8b-d9ae-40d4-be04-1dc54f0b986f,telly.coffee,available,16.99,42.99,high,low,5,namesilo,,,24/09/2026 06:44
68735f07-c60c-4012-be72-838d472abd90,rimed.coffee,available,6.98,47.98,medium,low,5,namecheap,,,09/09/2026 17:39
9d6bf7b8-a819-475d-a6ac-11220573d1dd,anatoxin.coffee,available,6.98,47.98,medium,low,8,namecheap,,,19/09/2026 03:34
a872c4e4-794a-4340-add8-22aaec9b85b0,takeout.coffee,resell,23.99,,high,low,8,Dynadot Inc,01/07/2026 21:39,01/07/2027 21:39,26/09/2026 09:29
29364ed0-b4b9-45ff-8bb1-ae1fdad8da4a,biplane.coffee,available,6.98,47.98,medium,low,7,namecheap,,,23/09/2026 19:18
e82a5a29-7e55-423e-ae56-c7688a09d51a,ruler.coffee,available,16.99,42.99,high,low,5,namesilo,,,28/09/2026 10:51
16cc4f4a-3a5f-446d-81a4-cb234a650234,maimonides.coffee,available,16.99,42.99,medium,low,10,namesilo,,,29/09/2026 13:20
44332cb2-3e55-4564-aeed-c97b95b677c5,healey.coffee,available,6.41,34.36,medium,low,6,spaceship,,,29/09/2026 04:32
8f0960b1-2a9d-4b5a-b69d-702973f94a1d,fruitcake.coffee,available,6.98,47.98,medium,low,9,namecheap,,,10/09/2026 00:13
02cde99d-d00d-4b74-acef-bb658091282e,gamy.coffee,available,6.98,47.98,medium,low,4,namecheap,,,18/08/2026 19:55
d09cdc91-28f8-43ef-91fe-d08747faacf6,misunderstood.coffee,available,10.92,35.41,medium,low,13,dynadot,,,29/09/2026 02:48
fd04d902-4a42-4e9f-a959-5c63946d058f,child.coffee,available,6.98,47.98,high,low,5,namecheap,,,25/09/2026 20:33
0ed3e51b-70ea-4bbd-a0a2-a70cce8ba97d,thyroid.coffee,available,6.98,47.98,high,low,7,namecheap,,,11/09/2026 15:18
aab16516-e348-4d9d-a0da-9703136ee740,exposing.coffee,available,16.99,42.99,medium,low,8,namesilo,,,29/09/2026 10:25
72f3b986-abd9-438a-a166-7753aefff07f,arid.coffee,available,6.98,47.98,medium,low,4,namecheap,,,06/08/2026 18:58
e993658a-6c4b-46b0-9b6e-66c85e94a348,officer.coffee,available,16.99,42.99,high,low,7,namesilo,,,25/09/2026 09:25
aa23e185-4192-42da-bfac-72667d80e7cf,orientation.coffee,available,6.98,47.98,medium,low,11,namecheap,,,28/09/2026 22:40
910f6fc6-b60a-4b09-9283-fa60ee3c5285,ivor.coffee,available,10.81,34.5,medium,low,4,porkbun,,,29/09/2026 22:08
075b0e64-cee9-476f-9d00-4edef9d7d322,bitty.coffee,available,6.98,47.98,high,low,5,namecheap,,,10/08/2026 07:51
846be319-ebd4-4f2b-afc5-17a5b84b57d7,keeled.coffee,available,6.98,47.98,medium,low,6,namecheap,,,11/08/2026 19:16
64916411-82ce-4bcb-955b-9d6ea7a9cac1,nigerian.coffee,available,6.98,47.98,high,low,8,namecheap,,,03/09/2026 17:12
5f93b5d3-b5b8-4587-814f-27ffb33109ba,geodetic.coffee,available,6.98,47.98,medium,low,8,namecheap,,,18/08/2026 22:21
2177e287-9a95-4840-b416-3d4a2c77fbc0,ladylike.coffee,available,6.98,47.98,high,low,8,namecheap,,,22/08/2026 18:38
c60eddd2-8ac2-488b-a76e-a7e1c117a07c,betelgeuse.coffee,available,16.99,42.99,medium,low,10,namesilo,,,18/09/2026 13:39
e9f16bad-22c1-4124-bbf5-b1b03343e27b,multinational.coffee,available,6.41,34.36,medium,low,13,spaceship,,,01/10/2026 05:37
ee16c2af-cd64-40b2-8e75-16fbf9b0ed17,filings.coffee,available,23.99,,low,low,7,name.com,,,
c53c60fc-0001-4b4c-b9e8-efd4666c09fe,delaney.coffee,available,6.98,47.98,medium,low,7,namecheap,,,28/09/2026 04:06
4c07cf6e-90da-4928-93a3-d4c8bfb34a9c,sweater.coffee,available,16,,high,low,7,unstoppable,,,28/09/2026 06:35
a95ee7bb-dde8-453c-90dd-f8433c7b8c69,washable.coffee,available,6.98,47.98,high,low,8,namecheap,,,13/09/2026 08:29
5a5424eb-401d-43bc-a08f-874ba329b8ed,hiking.coffee,available,10.81,34.5,high,low,6,porkbun,,,29/09/2026 01:18
338d90f5-f43f-4ab6-ad30-eb0da0b6d073,feeble.coffee,available,19.99,50.99,medium,low,6,name.com,,,13/08/2026 20:30
d3b2fd45-1f16-4bb7-afb6-9b60b51099c2,anhidrosis.coffee,available,16.99,42.99,medium,low,10,namesilo,,,19/09/2026 07:47
7171254c-b505-46a0-891e-91e6269b327b,oaken.coffee,available,6.98,47.98,medium,low,5,namecheap,,,03/09/2026 23:26
9b1a6d5b-3a6d-4fcb-82c4-d78d559dd195,wobbling.coffee,available,6.98,47.98,medium,low,8,namecheap,,,13/09/2026 12:52
82bd12f3-1324-4fab-894d-915f9c8d27f5,marxist.coffee,available,6.98,47.98,high,low,7,namecheap,,,10/08/2026 17:53
660dc874-8451-4a01-b5fa-e7de8b03a6cc,disrepair.coffee,available,16.99,42.99,medium,low,9,namesilo,,,24/09/2026 23:02
6281d375-6023-4591-a66b-a0511f625ba1,proclaim.coffee,available,6.41,34.36,high,low,8,spaceship,,,30/09/2026 19:20
030367cf-5e57-44cf-8d13-89776d1a1a19,clash.coffee,available,6.41,34.36,high,low,5,spaceship,,,29/09/2026 09:50
94629406-9a8f-4d59-91f8-fb7899bc1967,retained.coffee,available,33.2,33.2,high,low,8,cloudflare,,,27/09/2026 13:05
ad0f01e4-dbaf-4be8-ab81-656a509afd8d,dickerson.coffee,available,33.2,33.2,medium,low,9,cloudflare,,,29/09/2026 09:51
f3a765e8-5041-4f8f-ac64-2f08622d1560,joaquin.coffee,available,16.99,42.99,medium,low,7,namesilo,,,25/09/2026 16:17
04cb3d41-f3df-4a72-a590-6cff67c02422,prostitute.coffee,available,19.99,50.99,high,low,10,name.com,,,13/08/2026 14:11
f208cc8f-8dd6-48be-b56e-738d10f3741f,gingery.coffee,available,6.98,47.98,high,low,7,namecheap,,,18/08/2026 23:53
0d87b0b5-29dd-4f5d-b1dd-007d038eb8e2,priestley.coffee,available,16.99,42.99,medium,low,9,namesilo,,,29/09/2026 07:23
5ef1cb54-3c45-41c8-8348-04fc39d9cd55,unsubtle.coffee,available,6.98,47.98,medium,low,8,namecheap,,,12/09/2026 20:46
82bd887c-d921-4778-9f15-ae2f0f81c781,acrid.coffee,available,6.98,47.98,medium,low,5,namecheap,,,
7ef56371-d1db-4970-bbe8-3d56162d863c,untried.coffee,available,6.98,47.98,medium,low,7,namecheap,,,12/09/2026 21:15
b4e4f776-60db-4f1e-b262-7b25aa5882b1,tentacular.coffee,available,6.98,47.98,medium,low,10,namecheap,,,11/09/2026 11:35
45b0c88f-9b7e-471d-b4cc-908094326b85,unhealthy.coffee,available,6.98,47.98,medium,low,9,namecheap,,,22/08/2026 06:24
82dc5371-39c9-497f-ad9b-4c51c36ee43c,you.coffee,resell,,,high,medium,3,,,,30/09/2026 21:57
cc7735d3-d55a-497e-9503-263ee155b750,reserve.coffee,available,,,high,low,7,,,,
17096567-b346-4182-b256-bec46234b92a,idiopathic.coffee,available,6.98,47.98,medium,low,10,namecheap,,,21/08/2026 18:09
dce8da61-1106-4a16-9295-6e25af5a7269,surgical.coffee,available,6.98,47.98,high,low,8,namecheap,,,11/09/2026 04:01
3a6f37d9-213e-41b5-9d37-685b8115bebe,naming.coffee,available,16.99,42.99,high,low,6,namesilo,,,28/09/2026 08:38
2d8f76db-94a3-4430-bdb0-4f9cca15ae8c,hoffman.coffee,available,6.98,47.98,high,low,7,namecheap,,,25/09/2026 05:04
4f6f2058-c865-4f97-b4a8-b4b98d6e6dbc,custodial.coffee,available,6.98,47.98,medium,low,9,namecheap,,,13/08/2026 12:19
09af5030-8cf9-4efd-9313-81eaa65cb865,juarez.coffee,available,6.41,34.36,medium,low,6,spaceship,,,29/09/2026 18:22
cb26e444-666f-41ba-9a43-5d648af864dc,gun.coffee,available,16,,high,low,3,unstoppable,,,28/09/2026 17:19
57c5bc9a-d695-4979-92f0-a6faffb0b5d0,acinous.coffee,available,6.98,47.98,medium,low,7,namecheap,,,
0fec5fa4-2ae2-454d-a069-4fa8117db8aa,wording.coffee,available,10.92,35.41,high,low,7,dynadot,,,29/09/2026 08:51
e768df7f-3011-4ca9-9b35-0792ba04ce9c,spontaneously.coffee,available,16,,medium,low,13,unstoppable,,,30/09/2026 11:58
f6b37aa0-ea1e-4338-acd3-6ccbd43dd828,quarterly.coffee,available,6.98,47.98,high,low,9,namecheap,,,09/09/2026 07:37
476a155c-8bd9-4be8-9c96-094bc2360075,undisturbed.coffee,available,33.2,33.2,high,low,11,cloudflare,,,30/09/2026 12:13
485d35d7-604d-4c19-8cd2-cf3fa6716899,heritable.coffee,available,6.98,47.98,medium,low,9,namecheap,,,21/08/2026 07:08
af42b19c-b790-4953-97f2-4319e8a4f86c,interpret.coffee,available,33.2,33.2,high,low,9,cloudflare,,,30/09/2026 17:52
7f6d440b-29fa-4f97-b088-fce681ec83fd,lettered.coffee,available,6.98,47.98,medium,low,8,namecheap,,,22/08/2026 16:54
d4d85d71-abf4-4f08-bcf6-c093af39b2d2,cosher.coffee,available,6.98,47.98,medium,low,6,namecheap,,,13/08/2026 02:47
1de3ccc1-edad-44f7-94a4-70c0c60447cf,aleatory.coffee,available,6.98,47.98,medium,low,8,namecheap,,,
060858c1-353d-43c6-bbe6-80ab217f79fe,erratum.coffee,available,6.98,47.98,medium,low,7,namecheap,,,24/08/2026 07:21
151666c7-76ca-4fc2-9f22-78a8b6cc4e44,adoringly.coffee,available,6.98,47.98,medium,low,9,namecheap,,,13/09/2026 17:23
207f74fb-3c93-4d02-ad35-b5f3bf1faa4b,junky.coffee,available,16.99,42.99,medium,low,5,namesilo,,,17/09/2026 06:52
188c4a20-9828-49e2-8b30-2b1d0dbcdc28,cloning.coffee,available,16.99,42.99,high,low,7,namesilo,,,24/09/2026 15:52
3d9b9b9e-030c-4008-9957-727aac2f17b2,mattresses.coffee,available,6.98,47.98,medium,low,10,namecheap,,,20/09/2026 14:45
9e94e1eb-f732-408a-830b-6c26a25c558c,closet.coffee,available,16.99,42.99,high,low,6,namesilo,,,24/09/2026 15:59
6a8e65f2-a22b-4b3e-94cd-6c90b0d24511,warring.coffee,available,6.98,47.98,medium,low,7,namecheap,,,13/09/2026 08:11
fdbfe788-2e2d-4db0-90f9-ee2cb3a12b57,parenteral.coffee,available,6.98,47.98,medium,low,10,namecheap,,,08/09/2026 01:19
4cf27cd4-14d5-4729-8c32-e8ec5288ed29,cbo.coffee,available,16.99,42.99,high,low,3,namesilo,,,30/09/2026 04:30
00e7eaa6-8af7-465e-a68c-598b96844aae,plants.coffee,available,23.99,,high,low,6,name.com,,,
87801c90-33d9-4ca5-8207-3fcba7f58e84,proximate.coffee,available,6.98,47.98,high,low,9,namecheap,,,09/09/2026 04:46
9bcba27a-17b1-4d58-a4ef-b76fe87ec00d,dobbs.coffee,available,6.41,34.36,medium,low,5,spaceship,,,29/09/2026 10:37
5da9656f-b73a-4112-83e1-891830811f0c,aegina.coffee,available,6.98,47.98,medium,low,6,namecheap,,,17/09/2026 12:15
ee06cbce-17bd-45fe-b613-8f990c35daad,rather.coffee,available,6.41,34.36,medium,low,6,spaceship,,,28/09/2026 15:59
255009bd-7cc3-4749-be92-4049bf0916bb,lone.coffee,available,16.99,42.99,medium,low,4,namesilo,,,28/09/2026 22:59
5b467966-3213-49b9-bb57-ed2919e14c89,roadman.coffee,available,6.98,47.98,medium,low,7,namecheap,,,21/09/2026 18:08
b3ad33f8-c864-4a25-b732-0ef74d2c4f72,agiotage.coffee,available,6.98,47.98,medium,low,8,namecheap,,,17/09/2026 18:03
14938105-6a05-4e50-944b-992554aa9e50,shogunate.coffee,available,16.99,42.99,medium,low,9,namesilo,,,21/09/2026 05:18
fe462ec5-c2f0-40fa-b06e-39c8eb0112c1,willow.coffee,available,10.81,34.5,high,low,6,porkbun,,,30/09/2026 14:43
0bcb45be-aed1-4ffd-a615-47e65534deed,epitope.coffee,available,16.99,42.99,medium,low,7,namesilo,,,19/09/2026 14:25
1a2968a2-9dad-4e7b-b757-644ac2b80051,guttural.coffee,available,6.98,47.98,medium,low,8,namecheap,,,13/08/2026 07:31
c1c72934-bcca-4b60-8dd4-4489efefa60b,jugoslav.coffee,available,6.98,47.98,medium,low,8,namecheap,,,13/09/2026 14:52
c46f4a22-15c9-4d0e-9e90-eadaa49c251f,forgot.coffee,available,6.41,34.36,medium,low,6,spaceship,,,27/09/2026 21:47
84f8df10-58f0-4365-b4f6-40281a82ddf3,nile.coffee,available,33.2,33.2,high,low,4,cloudflare,,,29/09/2026 07:45
ea122c0d-927c-4ed7-b8b7-a96d19781066,checkpoint.coffee,available,16.99,42.99,high,low,10,namesilo,,,24/09/2026 14:03
d6a3bd3a-108a-4caa-aa16-add2863440ba,thinker.coffee,available,16.99,42.99,high,low,7,namesilo,,,30/09/2026 01:09
e50f2713-50b6-4cc8-9b3d-961f5344061b,instructed.coffee,available,16,,medium,low,10,unstoppable,,,28/09/2026 04:56
7eecb937-59fb-49cb-8758-ad2bd8206481,gadolinium.coffee,available,6.98,47.98,medium,low,10,namecheap,,,20/09/2026 23:27
1ace546e-14a0-4e8f-abc1-564cb825e43d,delible.coffee,available,6.98,47.98,low,low,7,namecheap,,,14/08/2026 00:35
63a59b2b-64f6-4843-a4fb-c00a8e4c7637,confined.coffee,available,6.98,47.98,medium,low,8,namecheap,,,11/08/2026 18:20
a299385d-7898-43bb-9627-93d9598338dd,acarid.coffee,available,6.98,47.98,medium,low,6,namecheap,,,16/09/2026 21:26
8b362df2-566f-4971-9c6e-3d4c80a6a880,possessions.coffee,available,6.98,47.98,low,low,11,namecheap,,,28/09/2026 17:10
d280625f-8fe4-4bf7-9463-29c21b593be3,trilingual.coffee,available,6.98,47.98,high,low,10,namecheap,,,11/09/2026 19:48
6ea73e17-45de-4c41-aa46-242f7a0f36a4,roiled.coffee,available,,,medium,low,6,,,,
12761e3f-d477-4670-82b3-1ca696b17afa,unaddicted.coffee,available,6.98,47.98,medium,low,10,namecheap,,,11/09/2026 23:50
52a40044-4427-4587-a0a3-5cdbdb4490c8,faults.coffee,available,10.92,35.41,low,low,6,dynadot,,,29/09/2026 11:04
b52276c0-36a4-45d3-acfd-b6b45c432b00,jars.coffee,available,10.81,34.5,medium,low,4,porkbun,,,30/09/2026 07:13
167db21d-9125-4295-8fd2-cd111d5ac2ac,periodic.coffee,available,6.98,47.98,medium,low,8,namecheap,,,08/09/2026 17:11
80126d43-2596-4c5e-a7bb-5d125168221d,ambrosian.coffee,available,6.98,47.98,medium,low,9,namecheap,,,
183f93b5-d36b-4d5b-9ff3-f2378440f087,wildly.coffee,available,6.98,47.98,medium,low,6,namecheap,,,16/09/2026 11:29
038f1794-b6c7-4a02-92f0-0a9824538aa2,discerning.coffee,available,6.98,47.98,high,low,10,namecheap,,,06/08/2026 08:23
9142232f-f35f-4e03-8fdb-6c8f9db7b492,genu.coffee,available,19.99,50.99,medium,low,4,name.com,,,20/09/2026 11:29
32b25e66-9d19-4fcd-ad60-4bff73e1ca00,tipton.coffee,available,6.98,47.98,medium,low,6,namecheap,,,29/09/2026 04:26
c7d384ed-0a26-46d0-a60f-0cba2f47465a,beech.coffee,available,16.99,42.99,high,low,5,namesilo,,,23/09/2026 00:02
e855d02f-c681-4ccd-b15f-63df211ec485,rational.coffee,available,6.98,47.98,high,low,8,namecheap,,,22/08/2026 07:50
d0c32f54-46cb-48dc-8c77-96bad6c3f217,ferrell.coffee,available,16.99,42.99,medium,low,7,namesilo,,,30/09/2026 13:47
8fb8a1a5-a878-4d27-b4f1-79a38e836718,reaction.coffee,available,16.99,42.99,high,low,8,namesilo,,,24/09/2026 14:16
10280988-2e8a-4bf4-9a56-530a5c2793aa,daryl.coffee,available,33.2,33.2,medium,low,5,cloudflare,,,29/09/2026 04:03
fbf94e1f-c494-47b6-a6d5-fb825713b91b,airlock.coffee,available,6.98,47.98,high,low,7,namecheap,,,17/09/2026 22:33
9fcb54c0-c38c-4fde-ae8e-212fa8539d05,churches.coffee,available,16,,medium,low,8,unstoppable,,,28/09/2026 23:19
7d50f3ee-33cd-48c8-9f5d-b6f4ac6fc4d6,protective.coffee,available,16.99,42.99,high,low,10,namesilo,,,27/09/2026 07:44
07e83195-9211-40fa-8022-42a17be6fc8c,alla.coffee,available,6.41,34.36,high,low,4,spaceship,,,29/09/2026 15:17
95e5073d-133a-4164-9607-c597ff119f94,bfa.coffee,available,16.99,42.99,high,low,3,namesilo,,,01/10/2026 06:12
4e363ef1-ea8c-41d0-ac10-e97a70a69498,lager.coffee,available,10.92,35.41,high,low,5,dynadot,,,30/09/2026 01:47
caf59c50-12c3-49ee-a571-a8d59041b1e4,punish.coffee,available,16.99,42.99,high,low,6,namesilo,,,27/09/2026 06:05
5fe3a09f-d02c-48bf-8628-55b61c368080,erstwhile.coffee,available,6.98,47.98,medium,low,9,namecheap,,,17/08/2026 13:05
b57e0270-1395-4412-97cd-485e5db27709,luckily.coffee,available,6.98,47.98,high,low,7,namecheap,,,13/09/2026 21:22
98a005d5-ecff-4d3b-8a63-4c6a618ecb2d,insure.coffee,available,6.98,47.98,high,low,6,namecheap,,,30/09/2026 15:27
38d52e40-fa28-47a7-b55c-bb0b91a8f784,booklover.coffee,available,16.99,42.99,medium,low,9,namesilo,,,23/09/2026 12:51
172aab7e-072f-4556-bc0f-0ea84b193125,embarrassed.coffee,available,6.98,47.98,medium,low,11,namecheap,,,27/09/2026 06:32
b035ab98-1e59-421e-97d6-956bf4a66fab,cloudberry.coffee,available,6.98,47.98,medium,low,10,namecheap,,,21/09/2026 20:03
a1543ffa-6684-46d0-9643-18efbd4cbc67,vedic.coffee,available,6.98,47.98,medium,low,5,namecheap,,,13/09/2026 01:37
c03b733f-ba28-4266-8bc4-fcabc3864307,polyphase.coffee,available,6.98,47.98,medium,low,9,namecheap,,,03/09/2026 10:52
e50dccb9-e79b-42de-a752-0355652707af,spitting.coffee,available,16.99,42.99,medium,low,8,namesilo,,,29/09/2026 08:06
25061760-b0d6-4133-9c33-028fb2b427a0,labile.coffee,available,6.98,47.98,medium,low,6,namecheap,,,22/08/2026 17:32
481eb369-7025-48a2-b7e1-b1adc6014ea5,forman.coffee,available,16.99,42.99,high,low,6,namesilo,,,29/09/2026 09:59
b1c269f7-f329-4428-81e0-1728d83022a4,vibrating.coffee,available,16.99,42.99,medium,low,9,namesilo,,,30/09/2026 14:24
c9461d5b-2a12-4d42-ba9f-649ca64d71a8,inquisitive.coffee,available,23.99,,high,low,11,name.com,,,
a987715c-a77d-4452-a089-64ef0e364f5f,rocha.coffee,available,16.99,42.99,high,low,5,namesilo,,,30/09/2026 13:48
1bded1e5-16ed-43f7-8ef4-515148f7d4ba,threesome.coffee,available,6.98,47.98,high,low,9,namecheap,,,
3cc7412d-607b-413b-af5d-3f00d11490e3,party.coffee,resell,,,high,medium,5,Automattic Inc.,05/09/2021 04:52,05/09/2030 04:52,26/09/2026 08:02
6dd64c14-08d1-4f12-a83c-f75aea6da22b,arctium.coffee,available,6.98,47.98,medium,low,7,namecheap,,,20/09/2026 02:49
9a0435ba-26d4-4736-8c66-6c832be13bc5,needless.coffee,available,6.98,47.98,medium,low,8,namecheap,,,03/09/2026 14:55
27f53e06-6298-47ae-b826-36138f7ee8e8,west.coffee,resell,,,high,low,4,"Spaceship, Inc.",11/08/2026 17:04,11/08/2027 17:04,28/09/2026 10:23
59e9af64-1143-42ae-8862-25c79e1f4e97,ties.coffee,available,6.98,47.98,medium,low,4,namecheap,,,17/09/2026 21:46
4565d2a3-8200-4097-bca0-283de6033a97,unscalable.coffee,available,6.98,47.98,medium,low,10,namecheap,,,12/09/2026 05:23
15347f04-62ee-4bfb-94b4-107e48a90c50,beating.coffee,available,16.99,42.99,high,low,7,namesilo,,,28/09/2026 10:26
4d1c5faa-aee5-4503-ba94-6e7204e358b5,schooling.coffee,available,33.2,33.2,high,low,9,cloudflare,,,28/09/2026 02:34
384a334b-0567-4ce0-853b-fc6dec75228d,acarine.coffee,available,6.98,47.98,medium,low,7,namecheap,,,16/09/2026 21:33
b66a9a1f-f8bf-4456-bf76-9b85e2d0f97b,continues.coffee,available,16.99,42.99,medium,low,9,namesilo,,,17/09/2026 13:29
9b181e39-e006-4508-becf-cca15ddd1535,cannons.coffee,available,6.41,34.36,medium,low,7,spaceship,,,30/09/2026 16:08
fe09da36-c841-41b4-8dff-631118cdca00,healthcare.coffee,resell,,,high,low,10,"Spaceship, Inc.",15/08/2026 17:00,15/08/2027 17:00,30/09/2026 06:01
c8dc0391-0341-46b0-9323-5de7bcec2685,using.coffee,available,16.99,42.99,high,low,5,namesilo,,,30/09/2026 14:15
7b88b630-e379-4a02-a423-b86a5460d3ec,fallout.coffee,available,16,,medium,low,7,unstoppable,,,28/09/2026 19:11
01366439-488a-40d3-8932-a397a58ebb19,tues.coffee,available,10.81,34.5,high,low,4,porkbun,,,30/09/2026 14:03
df76cd09-946c-401b-be46-424ee73282d2,backtalk.coffee,available,16.99,42.99,medium,low,9,namesilo,,,21/09/2026 14:51
2d9c93d9-8d5d-4920-a3ed-57ea7be7f1e5,parasitic.coffee,available,6.98,47.98,medium,low,9,namecheap,,,17/08/2026 10:15
674e957c-335d-4543-b416-448a480d9efc,adverse.coffee,available,6.98,47.98,medium,low,7,namecheap,,,
6505ff7e-a1ef-4317-8947-ad6d12823a68,narrow.coffee,available,6.98,47.98,high,low,6,namecheap,,,03/09/2026 13:22
4e560e3d-7a97-41ae-83f6-8f88708e1a11,bindable.coffee,available,6.98,47.98,medium,low,8,namecheap,,,09/08/2026 23:44
8d108ccd-0815-436d-ad65-14fdb26e0fc0,stacy.coffee,available,6.41,34.36,high,low,5,spaceship,,,28/09/2026 07:44
abbddbfc-3805-421c-ab46-f83fdf158a3b,fraternity.coffee,available,6.41,34.36,high,low,10,spaceship,,,28/09/2026 14:13
e1c628f6-9463-494d-a512-77a86709aaef,receivable.coffee,available,6.98,47.98,high,low,10,namecheap,,,09/09/2026 11:20
9609e396-93a6-4881-8ac5-f127f842ff80,soppy.coffee,available,6.98,47.98,medium,low,5,namecheap,,,09/08/2026 01:14
1e3f9818-c6c4-49b9-bd8d-2ae179444fd8,roles.coffee,available,16.99,42.99,medium,low,5,namesilo,,,28/09/2026 21:41
d2e2c39c-b012-40b8-8a54-516a996f50dd,smilax.coffee,available,16.99,42.99,medium,low,6,namesilo,,,20/09/2026 14:41
a570f31f-e163-45f4-b9d8-d29472b08f5e,allergies.coffee,available,16.99,42.99,medium,low,9,namesilo,,,30/09/2026 23:41
96b4adfe-6abc-4d05-a1b4-e1a2cab6e578,forwarding.coffee,available,33.2,33.2,high,low,10,cloudflare,,,30/09/2026 09:44
a488510b-f1af-4370-9960-6b9a81e95397,robe.coffee,available,16.99,42.99,high,low,4,namesilo,,,28/09/2026 06:41
038a43fc-8076-477c-ac16-9bb81743bf0b,steals.coffee,available,10.81,34.5,medium,low,6,porkbun,,,28/09/2026 23:24
a5522f1a-ac1a-4670-865d-4b314b1b2f4c,provisions.coffee,available,6.98,47.98,high,low,10,namecheap,,,08/09/2026 08:15
eac72f78-37bf-47fc-bdfc-4b736b2bfd08,boldface.coffee,available,6.98,47.98,high,low,8,namecheap,,,10/08/2026 17:43
48fa113b-7420-4d8e-a44b-2902f89e3ab8,epochal.coffee,available,6.98,47.98,medium,low,7,namecheap,,,17/08/2026 11:24
97dad55c-b119-41d5-8a3c-0c6e8c6e8cf6,flower.coffee,resell,,,high,low,6,Dynadot Inc,14/06/2026 17:00,14/06/2027 17:00,26/09/2026 06:09
b4cb6142-caf5-4a69-ba89-71ec6a618c80,rav.coffee,available,6.41,34.36,high,low,3,spaceship,,,30/09/2026 04:18
0c6813ec-130f-41ab-862d-86ba5914463c,pending.coffee,available,16.99,42.99,high,low,7,namesilo,,,27/09/2026 03:20
e0258671-0c7f-4b07-a50c-e61346f683e0,saucer.coffee,available,33.2,33.2,high,low,6,cloudflare,,,29/09/2026 15:53
5ba618f5-bde7-4c99-b24a-a223596344e7,mla.coffee,available,16.99,42.99,high,low,3,namesilo,,,28/09/2026 03:26
da5c0710-660e-4a88-8a0c-5338a9d4f90b,fatuous.coffee,available,6.98,47.98,low,low,7,namecheap,,,07/08/2026 02:39
614b7a09-b2d0-4724-9d70-1bce43b9973e,contribute.coffee,available,16.99,42.99,high,low,10,namesilo,,,28/09/2026 06:58
cacc1e2f-cd18-4ec9-89f7-cca3581c1ead,bandeau.coffee,available,16.99,42.99,medium,low,7,namesilo,,,22/09/2026 01:04
de2c5aad-5a9c-4b2a-a974-76c7f313b835,stilly.coffee,available,6.98,47.98,medium,low,6,namecheap,,,10/09/2026 20:35
75a4c4d6-dc80-4168-8d08-f0988349a5be,jelled.coffee,available,6.98,47.98,medium,low,6,namecheap,,,12/08/2026 21:27
74f9ce6b-5c9a-4994-ab31-9ca9e551009e,physical.coffee,available,6.98,47.98,high,low,8,namecheap,,,08/09/2026 15:48
67d367d2-01cc-48a3-8638-325f5f80b58d,meetings.coffee,available,6.98,47.98,high,low,8,namecheap,,,27/09/2026 10:46
ad008606-280f-488b-b339-19aeefedccd1,bluster.coffee,available,6.98,47.98,medium,low,7,namecheap,,,11/08/2026 01:07
a14c4b64-404f-495f-bce8-ed224afeef19,colonized.coffee,available,6.98,47.98,medium,low,9,namecheap,,,12/08/2026 17:23
626f8ed6-14df-41a5-bfb6-582176a830d7,trapped.coffee,available,6.98,47.98,medium,low,7,namecheap,,,07/08/2026 11:08
298a3d80-31a0-4cde-8423-c32b386c7696,defendable.coffee,available,6.98,47.98,medium,low,10,namecheap,,,13/08/2026 23:09
a2d828f6-3299-41bc-a077-d178d013f141,bombed.coffee,available,16,,medium,low,6,unstoppable,,,28/09/2026 16:00
974971d1-5c86-4428-915e-43ad8fdde46e,ephesian.coffee,available,6.98,47.98,medium,low,8,namecheap,,,17/08/2026 10:24
92175c80-b402-4a9d-a878-e7765dad69a4,tanned.coffee,available,6.98,47.98,high,low,6,namecheap,,,11/08/2026 05:50
573d40d3-d04e-4197-a786-ffdf8cd5f859,blueberries.coffee,available,16.99,42.99,high,low,11,namesilo,,,17/09/2026 17:28
f2ed210a-eda9-4877-9248-2d7bcfcb378a,leed.coffee,available,6.41,34.36,high,low,4,spaceship,,,30/09/2026 20:18
9d2dc5d7-bd39-439d-bef8-aec3df3fb735,mislaid.coffee,available,6.98,47.98,medium,low,7,namecheap,,,25/08/2026 01:30
9803597c-3395-43dc-9405-ced9826c59b4,faculty.coffee,available,16,,high,low,7,unstoppable,,,28/09/2026 09:44
e7a8f2d9-2c77-470c-bc7b-30655c512687,hottish.coffee,available,6.98,47.98,high,low,7,namecheap,,,21/08/2026 14:20
540caf1b-4b7a-4965-9066-3a93ce85c002,throwing.coffee,available,6.98,47.98,high,low,8,namecheap,,,27/09/2026 08:46
73563897-314b-46c4-844e-87754685a902,piffle.coffee,available,6.98,47.98,medium,low,6,namecheap,,,21/09/2026 21:41
1b611c9b-a3e0-4002-8445-1fe84cf7913d,fluvial.coffee,available,6.98,47.98,medium,low,7,namecheap,,,18/08/2026 09:35
c2a66dda-d71e-478d-9719-951ae98ef08d,acidity.coffee,available,16.99,42.99,high,low,7,namesilo,,,17/09/2026 01:24
5e4758d3-9130-47cd-84f7-db0244252c2d,asanga.coffee,available,16.99,42.99,medium,low,6,namesilo,,,20/09/2026 12:49
f1939858-df24-404e-adbe-a8733af6ee8c,tended.coffee,available,6.98,47.98,medium,low,6,namecheap,,,18/09/2026 22:30
1acea9a8-0da9-4964-85e2-7a3005188a15,urals.coffee,available,6.41,34.36,medium,low,5,spaceship,,,30/09/2026 19:04
7597e615-b610-462c-bf32-da057efe3282,acned.coffee,available,6.98,47.98,low,low,5,namecheap,,,
c38e0cc8-44a2-42bb-8143-208060aed511,quaintly.coffee,available,6.98,47.98,medium,low,8,namecheap,,,15/09/2026 22:07
f0c01ed0-489d-4003-8f60-8281525a054d,guevara.coffee,available,10.92,35.41,medium,low,7,dynadot,,,29/09/2026 11:54
239b3f73-7ff8-47b6-9f34-da598a08b90d,biff.coffee,available,16.99,42.99,medium,low,4,namesilo,,,23/09/2026 13:51
d3c723c7-ff26-47f0-95b1-bc35aed8f2ca,louder.coffee,available,6.41,34.36,high,low,6,spaceship,,,28/09/2026 08:31
706b8e66-b71e-42a2-813c-e000ef56a1a6,springy.coffee,available,6.98,47.98,high,low,7,namecheap,,,10/08/2026 21:49
ad119af8-0f9c-4c27-b6e9-8e28b7bdeb05,severely.coffee,available,33.2,33.2,medium,low,8,cloudflare,,,28/09/2026 13:15
a96e3d4b-4ca8-454d-b62b-bfbe67270b69,tends.coffee,available,16.99,42.99,medium,low,5,namesilo,,,29/09/2026 04:58
3a4df303-6c55-4bfd-bb04-246bc9e5d647,sucker.coffee,available,16.99,42.99,high,low,6,namesilo,,,18/09/2026 08:56
9a8653e1-7749-426a-aeba-958eeacb49e3,unhatched.coffee,available,6.98,47.98,medium,low,9,namecheap,,,12/09/2026 12:05
b9013920-7aad-4e8c-a890-4a3803bda9a9,stops.coffee,available,6.98,47.98,high,low,5,namecheap,,,30/09/2026 12:10
4de2fed9-ac89-4bde-9a3f-b81e11973821,arsehole.coffee,available,16.99,42.99,medium,low,8,namesilo,,,20/09/2026 09:34
aef01375-fbda-47a0-90b2-5f2288a8093d,ecumenical.coffee,available,6.98,47.98,medium,low,10,namecheap,,,15/08/2026 04:38
7658c320-1442-4f57-8aeb-134342df728e,pitahaya.coffee,available,6.98,47.98,medium,low,8,namecheap,,,16/09/2026 20:46
fc93ab75-c1f1-4bcc-98cc-f39e6c32601a,wolfgang.coffee,available,19.99,50.99,high,low,8,name.com,,,25/09/2026 15:09
3c8ef48e-0017-406c-a2fe-4f8aeb03b3d8,wondrous.coffee,available,16.99,42.99,high,low,8,namesilo,,,25/09/2026 00:25
66ccfa86-03f8-48f7-ba3a-9b1690d635ed,drowned.coffee,available,16.99,42.99,medium,low,7,namesilo,,,27/09/2026 22:47
e419be1a-8ba3-42d5-b66a-2d3870a2e8ec,provocative.coffee,available,16.99,42.99,high,low,11,namesilo,,,29/09/2026 08:33
1bb71a1d-ae66-4ec7-90bd-1ff8ec15307d,resting.coffee,available,10.81,34.5,high,low,7,porkbun,,,28/09/2026 04:49
a9877478-9d20-4b39-ad70-fd6dba6c67de,racism.coffee,available,33.2,33.2,medium,low,6,cloudflare,,,29/09/2026 02:00
3e0680a3-90e2-46b7-bbdc-750a35e6725f,lichens.coffee,available,16,,low,low,7,unstoppable,,,29/09/2026 05:48
da260ad1-9ce6-4930-a41d-37c3f29a71da,hermetic.coffee,available,6.98,47.98,medium,low,8,namecheap,,,21/08/2026 07:10
549ed1bc-af93-403e-8acf-8587a38f84f6,schizophrenic.coffee,available,6.98,47.98,medium,low,13,namecheap,,,30/09/2026 12:09
c7cb7fca-1b3c-4e30-9c09-f0bdabef8cd6,bantam.coffee,available,6.98,47.98,medium,low,6,namecheap,,,08/08/2026 14:01
a87abe70-eb72-4e5b-8f56-06dade56671b,chancy.coffee,available,6.98,47.98,medium,low,6,namecheap,,,12/08/2026 01:41
136fc3e2-ebbb-44cf-b7a6-3f9cbc697057,goody.coffee,available,19.99,50.99,high,low,5,name.com,,,13/08/2026 15:54
d1591982-326f-4b55-868b-81b5235aa58d,hottest.coffee,available,16.99,42.99,medium,low,7,namesilo,,,28/09/2026 13:20
4e426321-d96b-4cda-9e5e-5b303f104848,integral.coffee,available,16.99,42.99,high,low,8,namesilo,,,23/09/2026 10:33
438a1ab5-4518-446e-923f-9ac29e4cebfe,consumed.coffee,available,16.99,42.99,medium,low,8,namesilo,,,28/09/2026 22:51
788c551e-e928-46fe-b21e-9fa48f2b06b9,steely.coffee,available,6.98,47.98,medium,low,6,namecheap,,,10/09/2026 19:47
478c111b-f6ab-4f3a-8428-89065c3bc7cc,unabashed.coffee,available,6.98,47.98,medium,low,9,namecheap,,,11/09/2026 23:19
7e80a0a9-f3b4-41a0-971f-7b8bbb14d43d,whence.coffee,available,6.98,47.98,medium,low,6,namecheap,,,16/09/2026 11:28
d42305dc-f21d-4a73-9cef-c35c8c0bf045,performed.coffee,available,23.99,,medium,low,9,name.com,,,
b739a7b4-98ff-42d1-8c58-d1dca2195d4a,scaly.coffee,available,6.98,47.98,medium,low,5,namecheap,,,23/08/2026 00:05
c96b5506-b89b-447f-a010-e75b32329078,aurochs.coffee,available,16.99,42.99,medium,low,7,namesilo,,,21/09/2026 04:34
8db6c725-1336-40a0-b6de-e69c1de5811a,marx.coffee,available,16.99,42.99,high,low,4,namesilo,,,20/09/2026 11:00
7dc1219f-e6cb-4a1d-bff3-aec0edf619fa,elisabeth.coffee,available,16.99,42.99,high,low,9,namesilo,,,25/09/2026 14:58
3c425218-ebf9-48e8-b2d8-6b32263136d4,zimbabwean.coffee,available,6.98,47.98,high,low,10,namecheap,,,13/09/2026 15:19
546a76af-62b7-47e8-92cf-02d381f043f8,causal.coffee,available,6.98,47.98,high,low,6,namecheap,,,11/08/2026 22:37
94a2eb58-6331-4a71-9782-ae024288cb20,cucumbers.coffee,available,6.98,47.98,medium,low,9,namecheap,,,20/09/2026 10:05
50e7a881-fea4-444b-851a-f8e1ad1dd696,imports.coffee,available,19.99,73.99,low,low,7,godaddy,,,01/10/2026 00:34
552e5619-3c6f-41c3-b96e-75b5e3abd22e,grading.coffee,available,6.41,34.36,high,low,7,spaceship,,,30/09/2026 01:47
55a32158-f206-4d2a-ab00-d2e3d37ea6a9,modem.coffee,available,10.81,34.5,high,low,5,porkbun,,,30/09/2026 04:48
5062a83f-4be7-491b-86a0-6fbf31732c2d,unbent.coffee,available,6.98,47.98,medium,low,6,namecheap,,,12/09/2026 01:50
d19e3443-8d85-4b06-aaf4-f234a733895f,tha.coffee,available,16.99,42.99,medium,low,3,namesilo,,,27/09/2026 06:52
15476e3f-cec9-4f64-853f-82ea191e16cb,ascendancy.coffee,available,16.99,42.99,high,low,10,namesilo,,,20/09/2026 13:06
bbb20d8e-7b43-4b9b-8647-0a223930bf75,fixed.coffee,available,6.98,47.98,high,low,5,namecheap,,,24/09/2026 19:10
af3c624d-ee49-4218-a75b-70a8244c9623,tongues.coffee,available,6.98,47.98,medium,low,7,namecheap,,,18/09/2026 07:52
6b2ff903-cc40-4fab-8e7e-d09c919487eb,uninviting.coffee,available,6.98,47.98,medium,low,10,namecheap,,,12/09/2026 13:39
3e9a4661-b8da-4aec-a824-9daa974af03a,renunciant.coffee,available,6.98,47.98,medium,low,10,namecheap,,,09/09/2026 14:23
6909f33e-c9fc-4a51-9d71-a9d692ff69b4,curtin.coffee,available,6.41,34.36,medium,low,6,spaceship,,,29/09/2026 09:07
016c80a0-9a95-488d-9d2d-4c9fb3f4c5b7,adjuvant.coffee,available,6.98,47.98,medium,low,8,namecheap,,,
39f4cbea-d76f-4491-ac75-c113b335eec6,triennial.coffee,available,6.98,47.98,medium,low,9,namecheap,,,11/09/2026 19:31
edf58e61-63c7-4ab1-8f62-b7380265b042,browsing.coffee,available,16.99,42.99,high,low,8,namesilo,,,29/09/2026 04:42
3021a33b-b84e-48f8-82c7-79b455bfcb5e,bottom.coffee,available,6.98,47.98,medium,low,6,namecheap,,,09/08/2026 11:50
a2dc9b12-f3d7-413b-8728-f62b3f6c6ea4,oversee.coffee,available,6.41,34.36,high,low,7,spaceship,,,30/09/2026 21:16
1ad6868c-3ecb-4438-9dcf-6c4e65e1a61e,bayberry.coffee,available,16.99,42.99,medium,low,8,namesilo,,,22/09/2026 17:18
e81c5f57-06f0-4135-a16f-810e23334066,smc.coffee,available,16,,high,low,3,unstoppable,,,30/09/2026 21:13
1d013385-0d65-443a-ae03-842790a56ae8,elder.coffee,available,6.98,47.98,high,low,5,namecheap,,,16/08/2026 01:32
89dabfdd-dcac-474b-b127-72749542b348,fighters.coffee,available,6.41,34.36,medium,low,8,spaceship,,,28/09/2026 05:05
1405263e-a762-4d1b-90d5-23923fc677f6,alated.coffee,available,6.98,47.98,medium,low,6,namecheap,,,
71d965e8-bba5-4865-a070-d83c314a2764,declaring.coffee,available,16.99,42.99,high,low,9,namesilo,,,30/09/2026 07:00
dd07cb43-1ece-4312-9440-e093b5bbb147,iec.coffee,available,6.41,34.36,medium,low,3,spaceship,,,28/09/2026 16:35
8ef9981b-55fc-4d39-b763-69541ef1a5c2,stanch.coffee,available,6.98,47.98,medium,low,6,namecheap,,,10/09/2026 19:26
ed7171b5-aa16-4cab-a8ac-7307ffd95dca,retraction.coffee,available,16.99,42.99,medium,low,10,namesilo,,,16/09/2026 15:59
780e328a-b83a-4f05-a0c1-aaa0e3d5a172,scallops.coffee,available,16.99,42.99,medium,low,8,namesilo,,,19/09/2026 23:48
0198f362-430d-4481-aee8-c689f63acb05,surname.coffee,available,33.2,33.2,high,low,7,cloudflare,,,29/09/2026 06:51
16c123d1-722b-4c9a-8313-daa4d07907d5,overhang.coffee,available,6.98,47.98,medium,low,8,namecheap,,,09/08/2026 08:28
66fd05df-0d6b-47d0-bc2f-9370e46b42a7,moonfish.coffee,available,6.98,47.98,medium,low,8,namecheap,,,20/09/2026 21:37
d29b6da2-794f-4a3b-a49c-374a9aae0dd4,obliterate.coffee,available,6.98,47.98,medium,low,10,namecheap,,,10/08/2026 15:34
d68c08f7-68f2-4e91-87a2-36e7d8afa073,impolite.coffee,available,6.98,47.98,medium,low,8,namecheap,,,21/08/2026 22:43
a4d94fc6-6ad3-4fd6-8cf1-fbf9160ef882,drudgery.coffee,available,6.98,47.98,high,low,8,namecheap,,,08/09/2026 21:19
a096b4ad-0a8b-4135-b2e4-f6774efc7897,banishment.coffee,available,16.99,42.99,high,low,10,namesilo,,,22/09/2026 02:06
d90d0ac7-74ba-43de-9126-b946b9e7e68d,chirping.coffee,available,23.99,,high,low,8,name.com,,,
37d82a3e-6b50-4453-b2a4-52e1f09666e0,surrounded.coffee,available,6.98,47.98,medium,low,10,namecheap,,,16/08/2026 22:16
be8feb15-5049-4d20-9dc6-cc60162101fa,magyar.coffee,available,6.98,47.98,high,low,6,namecheap,,,21/08/2026 15:41
ac286f72-7bbf-4c48-a370-ac3b24c37c53,stagey.coffee,available,6.98,47.98,low,low,6,namecheap,,,10/09/2026 18:06
4c45d71c-5ba7-41f6-b881-1ebf2bfaf481,grotesque.coffee,available,6.98,47.98,medium,low,9,namecheap,,,
ec7737e0-9788-485d-903c-5f1f42532493,augeas.coffee,available,6.98,47.98,medium,low,6,namecheap,,,21/09/2026 03:15
611a2ed9-19d4-4625-ac75-05deaca30aad,alinement.coffee,available,16.99,42.99,high,low,9,namesilo,,,18/09/2026 07:48
d4a6569a-6b8e-4b55-aabd-d41ac5890b6d,adroitly.coffee,available,6.98,47.98,medium,low,8,namecheap,,,13/09/2026 17:25
35243e1b-b4f3-4185-9a4f-2d40a1f8d09d,lined.coffee,available,6.98,47.98,medium,low,5,namecheap,,,23/08/2026 14:17
9a06fa41-fa68-4929-a18c-399df2ea73ee,singled.coffee,available,16,,medium,low,7,unstoppable,,,30/09/2026 06:31
68ad0198-19f8-4e66-b3a7-6562957f2d55,zany.coffee,available,6.98,47.98,high,low,4,namecheap,,,11/08/2026 08:04
e552f3f5-b201-4705-9d34-f4cd6c84ef59,ringed.coffee,available,6.98,47.98,high,low,6,namecheap,,,
e1171253-c5b7-428f-bedd-7d504a94ebc4,purchaser.coffee,available,16.99,42.99,high,low,9,namesilo,,,24/09/2026 11:22
4d53024d-50e2-4c4d-b78a-bc68188dd0ca,upstage.coffee,available,6.98,47.98,medium,low,7,namecheap,,,
12a379ee-7a37-4014-aa7c-36e314bfca31,ito.coffee,available,16.99,42.99,medium,low,3,namesilo,,,28/09/2026 08:05
9def32bf-04cc-44fd-963b-7f4c9fe2e30a,bedlam.coffee,available,16.99,42.99,medium,low,6,namesilo,,,22/09/2026 23:22
e1db139f-4509-4b02-a307-6c19089a6f72,accord.coffee,available,6.98,47.98,high,low,6,namecheap,,,16/09/2026 22:54
8e4c5fbc-38a1-431b-914b-f22200d35a25,enlisted.coffee,available,16.99,42.99,medium,low,8,namesilo,,,28/09/2026 22:48
34bad811-6a31-44b3-9cad-6f09f4429124,formulary.coffee,available,6.98,47.98,medium,low,9,namecheap,,,18/08/2026 12:20
3f72194c-401c-46b8-b7dd-087b1ce8e621,paramedics.coffee,available,10.92,35.41,medium,low,10,dynadot,,,30/09/2026 00:40
c49472a1-738f-43c2-88b6-e7dc2010803f,indoors.coffee,available,6.98,47.98,high,low,7,namecheap,,,22/08/2026 07:03
ec37ca85-4c0a-4c9d-806d-49b97b959687,spikes.coffee,available,6.41,34.36,high,low,6,spaceship,,,30/09/2026 07:14
642613de-db8f-4812-a528-a83444717179,cuddles.coffee,available,16.99,42.99,high,low,7,namesilo,,,21/09/2026 08:38
6e2b2900-8fa5-46b4-84fc-8f8f5841aca7,barm.coffee,available,16.99,42.99,medium,low,4,namesilo,,,22/09/2026 06:34
b43137c7-1808-4c35-ae21-217407227485,crackle.coffee,available,6.98,47.98,high,low,7,namecheap,,,13/08/2026 04:25
b9448000-0800-421c-9ef4-bb74998ae818,fruitless.coffee,available,6.98,47.98,medium,low,9,namecheap,,,10/08/2026 19:39
170a5b3e-f0cb-4f70-a015-8ee7a430c3da,lemonlike.coffee,available,6.98,47.98,medium,low,9,namecheap,,,22/08/2026 23:27
e8c0d2bd-c17e-44f6-9506-db901c86f44e,scrape.coffee,available,16.99,42.99,high,low,6,namesilo,,,16/09/2026 16:59
186196ea-29bc-4915-a0b3-16fd4cc98efd,prevention.coffee,available,6.98,47.98,high,low,10,namecheap,,,08/09/2026 14:09
cfcfe2b5-2374-4b1d-9d24-34f10f7c79e2,seated.coffee,available,33.2,33.2,high,low,6,cloudflare,,,27/09/2026 19:11
704dfc94-9286-48f3-9e0d-cbe661755ec0,meld.coffee,available,19.99,50.99,high,low,4,name.com,,,22/09/2026 11:20
21fdd562-92d5-4915-8003-73cb5f413f70,gold.coffee,resell,,,high,medium,4,"Global Domains International, Inc. DBA DomainCostClub.com",10/05/2026 15:15,10/05/2027 15:15,26/09/2026 06:25
d4a9b694-7580-4dac-8e86-7df8100db6cb,whim.coffee,available,16.99,42.99,high,low,4,namesilo,,,24/09/2026 12:39
0b2ffd2f-4a9c-4af9-8479-565093ef5962,rocker.coffee,available,10.92,35.41,high,low,6,dynadot,,,30/09/2026 10:59
37335606-3006-4259-92bb-15e7a029e8c6,ambiguity.coffee,available,16.99,42.99,medium,low,9,namesilo,,,18/09/2026 16:43
9973a159-2b4c-43c1-8faa-3ba3964fc3c0,dixon.coffee,available,6.98,47.98,medium,low,5,namecheap,,,25/09/2026 17:44
59791be3-9c8f-4614-bfb7-30d927f2f4fa,successful.coffee,available,33.2,33.2,high,low,10,cloudflare,,,28/09/2026 01:49
0613b5e0-93b7-4b4a-8356-27b76941c5a4,assaulter.coffee,available,16.99,42.99,medium,low,9,namesilo,,,17/09/2026 17:42
af4f239b-9414-4cf9-b612-74c27a34a8df,administer.coffee,available,16.99,42.99,high,low,10,namesilo,,,29/09/2026 14:10
cc036452-0049-4f04-8cb5-a3574b4bcf65,related.coffee,available,16.99,42.99,high,low,7,namesilo,,,19/09/2026 12:07
2ca3fbcd-9956-4655-9bda-817c5385f3d1,respected.coffee,available,16.99,42.99,high,low,9,namesilo,,,27/09/2026 12:38
96808437-8042-4c1d-9056-0a50033b8c37,downcast.coffee,available,6.98,47.98,medium,low,8,namecheap,,,14/08/2026 17:33
810724e9-f63f-4cf9-900b-b19766a477a4,fascism.coffee,available,19.99,73.99,medium,low,7,godaddy,,,30/09/2026 01:35
6507b3a8-49aa-4bb3-a853-bae8af8c9988,evrything.coffee,available,23.99,,medium,low,9,name.com,,,
75a85c80-0e82-4e44-a4d3-21fbedb989b6,obsessed.coffee,available,6.98,47.98,medium,low,8,namecheap,,,21/08/2026 01:32
254bad02-b1e6-463f-ad6d-ca5d294df170,prophet.coffee,available,6.41,34.36,high,low,7,spaceship,,,28/09/2026 02:52
3857bbbe-e7e8-4e9b-bafe-e77e4034dc17,cabaret.coffee,available,33.2,33.2,high,low,7,cloudflare,,,30/09/2026 16:32
a21c38d3-45f8-49bd-abf2-5ad11cadae6d,straining.coffee,available,6.98,47.98,medium,low,9,namecheap,,,10/09/2026 21:43
030742d1-fe4a-45a3-be8e-8a90ba5f0622,provoking.coffee,available,6.98,47.98,high,low,9,namecheap,,,
7b7f43af-da48-4ad4-938f-f5fef2e179e1,bushy.coffee,available,6.98,47.98,high,low,5,namecheap,,,11/08/2026 11:15
4aa0f52b-f642-4270-abf1-bc45470ab551,vindicator.coffee,available,6.98,47.98,medium,low,10,namecheap,,,19/09/2026 18:48
4278f1f2-687b-4f6e-8971-9f2c351160ac,jamieson.coffee,available,16.99,42.99,high,low,8,namesilo,,,29/09/2026 22:21
ea9686c3-e863-4f90-bc22-c5a8f391e434,tomatoes.coffee,available,10.92,35.41,medium,low,8,dynadot,,,28/09/2026 12:33
ba72ef66-a676-48f1-b8af-afc712c8877c,pitches.coffee,available,6.41,34.36,medium,low,7,spaceship,,,30/09/2026 14:41
5c2ad42c-e34d-4400-9350-91c8c365a4f5,plausible.coffee,available,6.98,47.98,high,low,9,namecheap,,,08/09/2026 20:55
52cad31b-ed0b-49d5-9e9f-8bd2be679f78,dun.coffee,available,6.98,47.98,medium,low,3,namecheap,,,14/08/2026 21:12
d43f76a9-4851-4504-9787-0323b3f0d25d,notified.coffee,available,6.98,47.98,medium,low,8,namecheap,,,28/09/2026 05:08
2fee2182-1976-42bd-b561-87eaf1bf1a0b,affluence.coffee,available,33.2,33.2,high,low,9,cloudflare,,,28/09/2026 19:21
61dc32c1-4c8e-407e-ac14-d1e7cc4e315a,blooded.coffee,available,6.98,47.98,high,low,7,namecheap,,,10/08/2026 15:18
d33fde22-1810-4589-a509-3177821244f3,musically.coffee,available,6.98,47.98,medium,low,9,namecheap,,,15/09/2026 15:43
ff031c47-9a17-41a5-8daf-7e54145f9e50,wavy.coffee,available,6.98,47.98,high,low,4,namecheap,,,13/08/2026 06:54
91f5c42b-195b-4885-922b-706176a97f0a,immoderate.coffee,available,6.98,47.98,medium,low,10,namecheap,,,21/08/2026 21:07
13bc2096-b177-4796-bd3c-c0c3255b5a12,crooner.coffee,available,16.99,42.99,medium,low,7,namesilo,,,21/09/2026 22:42
1081816a-f636-4b52-bf5a-fdca2e69ab59,almsgiving.coffee,available,16.99,42.99,medium,low,10,namesilo,,,18/09/2026 12:43
28d430d5-1fef-4972-93b1-246c73ffdc77,bipartisan.coffee,available,6.98,47.98,high,low,10,namecheap,,,10/08/2026 04:32
cafcc9bd-7eb5-42aa-8d9c-2cf5f6d1c3d6,antidotal.coffee,available,6.98,47.98,medium,low,9,namecheap,,,
d45a574c-019b-4e11-8e66-fd4a3b14860b,funnily.coffee,available,6.98,47.98,medium,low,7,namecheap,,,14/09/2026 20:40
aa250484-76dd-4154-b59c-d3f2d7a817c2,abscessed.coffee,available,6.98,47.98,medium,low,9,namecheap,,,
9d8eafc5-70a6-4d5c-a0ed-5a67dc09621f,poached.coffee,available,6.98,47.98,medium,low,7,namecheap,,,10/08/2026 17:34
bdb25e34-7fb3-442b-a2d8-b864f41ffa2b,discount.coffee,available,16.99,42.99,high,low,8,namesilo,,,29/09/2026 01:01
31ddbd45-ef9d-42c3-91b6-98216b819745,triumphal.coffee,available,6.98,47.98,high,low,9,namecheap,,,17/08/2026 19:54
e8458efd-f0bc-4558-bc58-ccd518eb4bfe,blackball.coffee,available,6.98,47.98,medium,low,9,namecheap,,,03/09/2026 15:03
196a00b3-e8a6-4702-9731-e6ff65cd5760,frightened.coffee,available,6.98,47.98,medium,low,10,namecheap,,,18/08/2026 15:37
49c54381-4f45-48ad-8e43-e745c9ccfe89,scrambled.coffee,available,6.98,47.98,high,low,9,namecheap,,,09/09/2026 23:46
ebfb11fd-cbc2-417e-94e1-0606da2e3470,filipino.coffee,available,6.98,47.98,high,low,8,namecheap,,,18/08/2026 04:19
06e80115-2e7e-41bc-b078-015a541bafd8,upward.coffee,available,16,,high,low,6,unstoppable,,,28/09/2026 09:54
3115daed-5af2-4a73-b4a5-93fd849ce505,defeated.coffee,available,6.98,47.98,medium,low,8,namecheap,,,13/08/2026 23:04
86739157-d408-4737-9c7c-9f8947d6bfc2,nicaean.coffee,available,6.98,47.98,medium,low,7,namecheap,,,03/09/2026 16:59
a656016c-a2d1-41a6-a16b-f081d614b090,annette.coffee,available,16.99,42.99,medium,low,7,namesilo,,,28/09/2026 04:47
0ee2bc86-52c9-45a1-a8b0-7c4fc0be2c90,turmeric.coffee,available,16.99,42.99,high,low,8,namesilo,,,19/09/2026 15:28
b1788fdc-cb1e-48de-9725-18fa4564d0f1,stoolie.coffee,available,6.98,47.98,medium,low,7,namecheap,,,11/08/2026 16:46
c53884ee-0516-40b5-a4f6-7da77aeb9500,ardour.coffee,available,16.99,42.99,medium,low,6,namesilo,,,20/09/2026 03:15
6e9f5ca2-21ae-436f-91e8-3f183cccfbc8,futureless.coffee,available,6.98,47.98,low,low,10,namecheap,,,18/08/2026 19:15
a7639e51-5217-4eec-8f19-bf2a7e3af7a8,advertisements.coffee,available,23.99,,medium,low,14,name.com,,,
23dbc5c2-f4e7-4bcd-81cc-1baee6ce46e5,azerbaijani.coffee,available,6.41,34.36,high,low,11,spaceship,,,29/09/2026 14:18
3eb29d60-778b-4dc1-abc8-efafd6eb976e,surgically.coffee,available,16.99,42.99,medium,low,10,namesilo,,,16/09/2026 07:41
fc0ed4a5-6f26-4fb1-883c-d37252172e7e,transeunt.coffee,available,6.98,47.98,medium,low,9,namecheap,,,11/09/2026 18:53
dd576659-153f-4cc2-ae3f-fea91629ef67,beveridge.coffee,available,6.98,47.98,medium,low,9,namecheap,,,23/09/2026 12:04
240868f5-196a-477e-9c39-bfe6574cc432,lunches.coffee,available,16.99,42.99,high,low,7,namesilo,,,20/09/2026 07:45
5b71ff5a-bf4b-4b6c-aecf-a0f2fc647a1a,secrets.coffee,available,6.98,47.98,medium,low,7,namecheap,,,25/09/2026 19:59
f7067018-07a9-479d-8c64-0cf00a8659f2,notwithstanding.coffee,available,23.99,,medium,low,15,name.com,,,
31eef428-68aa-4e08-b830-f159a8d51624,instincts.coffee,available,16,,low,low,9,unstoppable,,,28/09/2026 17:50
16ea23fa-e423-4bdd-b298-415efc0e8aaa,hype.coffee,resell,,,high,medium,4,"Global Domains International, Inc. DBA DomainCostClub.com",09/02/2026 15:15,09/02/2027 15:15,29/09/2026 00:50
43395f8a-f57d-4a4a-873e-8579b7896f7f,advertence.coffee,available,16.99,42.99,medium,low,10,namesilo,,,17/09/2026 11:06
99398023-4e2d-4f29-a095-8fa4d81de65f,tremendously.coffee,available,10.92,35.41,medium,low,12,dynadot,,,30/09/2026 19:57
d967a645-f02a-4f00-adc7-abe65558f880,vase.coffee,available,10.92,35.41,high,low,4,dynadot,,,28/09/2026 11:03
6cbaf005-64e8-4976-ba76-12eddf98fd88,madly.coffee,available,6.98,47.98,medium,low,5,namecheap,,,14/09/2026 09:19
4e073b17-a3c0-4dab-a897-5f724dc1c415,redress.coffee,available,6.98,47.98,high,low,7,namecheap,,,09/09/2026 17:27
0f616d64-db49-401b-be41-c1fef3f73531,fronts.coffee,available,6.41,34.36,medium,low,6,spaceship,,,30/09/2026 15:47
4e0fb193-9290-4f2c-af1e-f267ea9b26d9,curzon.coffee,available,10.92,35.41,medium,low,6,dynadot,,,29/09/2026 22:25
e3c708af-a1ac-460f-9617-a17212b3bd6f,indulge.coffee,available,16.99,42.99,high,low,7,namesilo,,,21/09/2026 13:04
60a2575a-6ee6-4a75-a8aa-2ddc13541a03,acousma.coffee,available,6.98,47.98,medium,low,7,namecheap,,,17/09/2026 02:29
c6cd09a4-74b3-4d3b-a006-4523ec368094,again.coffee,available,33.2,33.2,medium,low,5,cloudflare,,,28/09/2026 11:49
f6f25b91-d520-4a85-a6c2-fc98a52de334,overnight.coffee,available,16.99,42.99,high,low,9,namesilo,,,22/09/2026 00:44
3eb396ea-23b6-404c-a16b-b97e4e13ef9b,breast.coffee,available,16.99,42.99,high,low,6,namesilo,,,24/09/2026 08:29
de3311ef-b8e5-4822-95b6-fbb310e63531,preview.coffee,available,16.99,42.99,high,low,7,namesilo,,,30/09/2026 07:16
5d3cc83d-50a9-4f0d-bad5-c9954f9c71ec,phonologic.coffee,available,6.98,47.98,medium,low,10,namecheap,,,08/09/2026 19:14
9d6c865e-351d-4a8f-af77-e1129608e028,inshore.coffee,available,6.98,47.98,medium,low,7,namecheap,,,22/08/2026 06:53
668c661f-f215-4490-a6a8-5461705983b6,alummah.coffee,available,16.99,42.99,medium,low,8,namesilo,,,18/09/2026 01:08
480aeaa4-80f4-4a4a-890b-525cf869acce,alanine.coffee,available,16.99,42.99,medium,low,7,namesilo,,,18/09/2026 01:50
c54f799c-dfe8-4c7e-a64e-0b07fcbecc47,demons.coffee,available,16.99,42.99,low,low,6,namesilo,,,25/09/2026 21:42
79fdf48d-ba20-4df2-b184-1cc7f8ca8792,aneuploid.coffee,available,6.98,47.98,medium,low,9,namecheap,,,
6b2a9be8-2708-4f2b-83f7-6afd08453df2,dickie.coffee,available,6.98,47.98,medium,low,6,namecheap,,,14/08/2026 06:30
60b2de27-9e7d-48c3-898a-f76d7a3bca7c,idler.coffee,available,6.98,47.98,medium,low,5,namecheap,,,14/08/2026 14:10
263f11f4-201b-4357-af83-4e5a3dcb02b9,wiring.coffee,available,6.41,34.36,high,low,6,spaceship,,,30/09/2026 14:45
662e7fb3-7dda-4be3-8d8d-b6294fcf8a9d,garnering.coffee,available,6.41,34.36,high,low,9,spaceship,,,30/09/2026 11:55
0463cbc9-c6af-4384-ba01-1233e3bd7fd7,fortissimo.coffee,available,6.98,47.98,high,low,10,namecheap,,,18/08/2026 12:41
10a588b4-7c53-44cb-914f-faaa7d2cf32b,stamped.coffee,available,16,,medium,low,7,unstoppable,,,30/09/2026 14:58
3aaf36da-05a2-4b33-a07c-fe7e31e585b9,rosemary.coffee,available,6.41,34.36,high,low,8,spaceship,,,28/09/2026 10:51
884e7922-3200-43d4-a9e0-46b2b4f0f787,engineer.coffee,resell,,,high,low,8,"NameCheap, Inc.",07/12/2025 02:14,07/12/2026 02:14,30/09/2026 01:31
9a1ec408-ff91-42e5-8225-bcd93cc2e794,readers.coffee,available,16,,medium,low,7,unstoppable,,,28/09/2026 17:52
328ffa44-a685-4afb-886b-5ad0f3f6a242,assortment.coffee,available,6.98,47.98,high,low,10,namecheap,,,25/08/2026 07:59
7f8f9370-3bb1-4169-82fb-a136a2833823,beware.coffee,available,6.41,34.36,medium,low,6,spaceship,,,28/09/2026 20:49
246edd28-d2d5-4b7d-ac6c-2ae2047334ae,corporal.coffee,available,6.98,47.98,high,low,8,namecheap,,,13/08/2026 01:52
58c2d732-c193-4d08-b814-3dcfe9b89ac4,attendant.coffee,available,16.99,42.99,high,low,9,namesilo,,,21/09/2026 15:40
e2b9e969-b364-407a-9318-370e8d54afb0,wii.coffee,available,16.99,42.99,high,low,3,namesilo,,,28/09/2026 16:10
afb05380-c328-4f2b-bfeb-a744851ec7d4,though.coffee,available,16.99,42.99,medium,low,6,namesilo,,,16/09/2026 08:58
42bf485f-8aab-45e0-856b-3b42b4e2433a,passionately.coffee,available,23.99,,high,low,12,name.com,,,
061a3d06-2245-4caf-b1c8-fedcdf94b3e7,somme.coffee,available,16.99,42.99,medium,low,5,namesilo,,,22/09/2026 16:09
0cf691d6-8686-413f-931a-0172befb25ba,ripon.coffee,available,16,42.99,high,low,5,unstoppable,,,29/09/2026 16:21
14ea3b14-cce4-4895-8e32-97d02a5047c6,reverse.coffee,available,16.99,42.99,high,low,7,namesilo,,,23/09/2026 22:34
dc11afb6-04d9-4f3f-9665-e68bcc179d69,laboured.coffee,available,6.98,47.98,high,low,8,namecheap,,,22/08/2026 17:40
ca629027-fd11-49f0-9df3-ed76341e26f6,clowns.coffee,available,6.41,34.36,medium,low,6,spaceship,,,30/09/2026 07:41
f7c22747-3b1f-47fb-af20-056283f1c1ed,cheltenham.coffee,premium,99.5,,medium,low,10,unstoppable,,,28/09/2026 12:18
67e130d7-7c59-40b8-88f6-c0d72df4aeab,cctv.coffee,available,16,,high,low,4,unstoppable,,,30/09/2026 03:41
32241cf8-c65b-433a-8831-89477f71a19d,scooped.coffee,available,16.99,42.99,medium,low,7,namesilo,,,17/09/2026 23:31
f92fbe43-8bcc-4e2f-a466-c2b4efd8eb99,zovirax.coffee,available,6.98,47.98,medium,low,7,namecheap,,,17/09/2026 05:42
e88e064d-ecd7-4133-ac3a-1da726eb7225,marital.coffee,available,6.98,47.98,high,low,7,namecheap,,,24/08/2026 15:56
a746ebb7-275f-492a-aea9-bd388d679583,temporarily.coffee,available,23.99,,medium,low,11,name.com,,,
6ce5c53a-8bd4-4c3c-b564-587fcf0e96cf,charitable.coffee,available,6.98,47.98,high,low,10,namecheap,,,12/08/2026 02:34
9420dd07-7250-4988-8df9-647a1148392b,yucatan.coffee,available,6.41,34.36,medium,low,7,spaceship,,,30/09/2026 03:11
c70a2993-92fa-42a4-b9a5-703db0b0e488,compared.coffee,available,16.99,42.99,medium,low,8,namesilo,,,27/09/2026 09:01
abcc98f1-54ba-4fd8-866b-067f867f143f,aton.coffee,available,6.98,47.98,medium,low,4,namecheap,,,20/09/2026 20:06
ba8ee984-7d27-4879-b226-b2c6f7622823,hattie.coffee,available,16,,medium,low,6,unstoppable,,,29/09/2026 09:38
182d40c8-d891-4b72-9b56-281574da0cdf,roundly.coffee,available,6.98,47.98,medium,low,7,namecheap,,,14/09/2026 00:45
c04df754-6a25-4b6f-a3f9-435d60987e3d,gonzo.coffee,available,6.98,47.98,high,low,5,namecheap,,,10/08/2026 10:27
492d16c7-8d30-4354-9a42-a730707e6b4f,hornless.coffee,available,6.98,47.98,medium,low,8,namecheap,,,21/08/2026 14:06
a6aaf70b-3646-47a9-ae3b-4b3d8ad4e43e,spoilt.coffee,available,6.98,47.98,medium,low,6,namecheap,,,10/08/2026 14:19
78a615c1-a141-4db5-ba36-e8077b15f19e,starchy.coffee,available,6.98,47.98,medium,low,7,namecheap,,,11/08/2026 07:29
a716c683-2116-479b-82d7-8dc45ed6ec53,syncopated.coffee,available,6.98,47.98,medium,low,10,namecheap,,,11/09/2026 06:19
d87eb266-ed4f-4363-b4cc-e105f812112d,speeding.coffee,available,6.98,47.98,high,low,8,namecheap,,,25/09/2026 06:47
9e6a48d9-2aa1-47e0-b8c2-197f54b04fd2,plaintiff.coffee,available,16.99,42.99,high,low,9,namesilo,,,29/09/2026 11:57
41f12ad9-ec3f-4532-81b2-78f726f61d23,panel.coffee,available,16.99,42.99,high,low,5,namesilo,,,19/09/2026 11:40
5dd10591-72b3-49ac-b11b-edf968e741c3,chalmers.coffee,available,33.2,33.2,medium,low,8,cloudflare,,,27/09/2026 20:38
53660bb3-e294-4875-80f7-80a699c8cf70,totally.coffee,available,16.99,42.99,high,low,7,namesilo,,,22/09/2026 00:22
4f646727-d383-474f-b8d4-5de01fedc823,loeb.coffee,available,16.99,42.99,high,low,4,namesilo,,,28/09/2026 02:11